#
# TABLE STRUCTURE FOR: friendship
#

DROP TABLE IF EXISTS `friendship`;

CREATE TABLE `friendship` (
  `user_id` int(10) unsigned NOT NULL COMMENT 'Ссылка на инициатора дружеских отношений',
  `friend_id` int(10) unsigned NOT NULL COMMENT 'Ссылка на получателя приглашения дружить',
  `status_id` int(10) unsigned NOT NULL COMMENT 'Ссылка на статус (текущее состояние) отношений',
  `requested_at` datetime DEFAULT current_timestamp() COMMENT 'Время отправления приглашения дружить',
  `confirmed_at` datetime DEFAULT NULL COMMENT 'Время подтверждения приглашения',
  `created_at` datetime NOT NULL DEFAULT current_timestamp() COMMENT 'Время создания строки',
  `updated_at` datetime DEFAULT current_timestamp() ON UPDATE current_timestamp() COMMENT 'Время обновления строки',
  PRIMARY KEY (`user_id`,`friend_id`) COMMENT 'Составной первичный ключ'
) ENGINE=InnoDB DEFAULT CHARSET=utf8 COLLATE=utf8_unicode_ci COMMENT='Таблица дружбы';

INSERT INTO `friendship` (`user_id`, `friend_id`, `status_id`, `requested_at`, `confirmed_at`, `created_at`, `updated_at`) VALUES (1, 1, 2, '2000-04-06 16:53:24', '2009-07-21 06:15:13', '1986-02-07 01:38:13', '2017-03-16 23:19:04');
INSERT INTO `friendship` (`user_id`, `friend_id`, `status_id`, `requested_at`, `confirmed_at`, `created_at`, `updated_at`) VALUES (2, 2, 0, '1973-04-30 05:35:22', '1972-04-08 22:09:04', '2004-09-08 03:32:53', '1998-05-31 22:40:15');
INSERT INTO `friendship` (`user_id`, `friend_id`, `status_id`, `requested_at`, `confirmed_at`, `created_at`, `updated_at`) VALUES (3, 3, 0, '1987-02-25 21:05:23', '1999-01-18 22:34:53', '1989-09-11 06:20:18', '1987-04-27 13:18:30');
INSERT INTO `friendship` (`user_id`, `friend_id`, `status_id`, `requested_at`, `confirmed_at`, `created_at`, `updated_at`) VALUES (4, 4, 3, '1998-09-13 03:05:58', '1982-11-28 17:13:14', '2018-06-25 20:19:41', '2017-06-08 06:56:23');
INSERT INTO `friendship` (`user_id`, `friend_id`, `status_id`, `requested_at`, `confirmed_at`, `created_at`, `updated_at`) VALUES (5, 5, 1, '2006-01-13 23:56:24', '2000-10-01 13:23:55', '1990-04-08 01:12:23', '1974-11-11 08:56:31');
INSERT INTO `friendship` (`user_id`, `friend_id`, `status_id`, `requested_at`, `confirmed_at`, `created_at`, `updated_at`) VALUES (6, 6, 3, '1972-07-22 06:58:24', '1989-04-26 13:21:36', '1972-07-22 20:58:11', '2017-02-19 21:07:32');
INSERT INTO `friendship` (`user_id`, `friend_id`, `status_id`, `requested_at`, `confirmed_at`, `created_at`, `updated_at`) VALUES (7, 7, 0, '1978-08-05 16:35:37', '2002-07-08 21:45:09', '1989-09-22 14:55:40', '2002-03-11 18:08:09');
INSERT INTO `friendship` (`user_id`, `friend_id`, `status_id`, `requested_at`, `confirmed_at`, `created_at`, `updated_at`) VALUES (8, 8, 1, '1973-12-19 13:08:10', '1986-07-11 14:09:24', '2010-08-18 12:07:09', '1988-04-11 09:02:05');
INSERT INTO `friendship` (`user_id`, `friend_id`, `status_id`, `requested_at`, `confirmed_at`, `created_at`, `updated_at`) VALUES (9, 9, 3, '1982-01-19 14:09:33', '1971-04-18 01:08:44', '2006-05-10 20:01:36', '1973-05-22 05:11:24');
INSERT INTO `friendship` (`user_id`, `friend_id`, `status_id`, `requested_at`, `confirmed_at`, `created_at`, `updated_at`) VALUES (10, 10, 2, '2020-06-27 14:21:21', '2013-08-11 20:10:25', '2004-02-06 19:16:58', '1985-03-31 09:33:24');
INSERT INTO `friendship` (`user_id`, `friend_id`, `status_id`, `requested_at`, `confirmed_at`, `created_at`, `updated_at`) VALUES (11, 11, 2, '1996-09-20 18:59:26', '1995-10-06 05:51:24', '1970-07-15 17:29:54', '1999-10-12 14:21:29');
INSERT INTO `friendship` (`user_id`, `friend_id`, `status_id`, `requested_at`, `confirmed_at`, `created_at`, `updated_at`) VALUES (12, 12, 3, '1979-06-22 02:07:34', '1985-10-09 11:08:24', '1983-10-21 00:46:54', '2005-01-20 11:31:34');
INSERT INTO `friendship` (`user_id`, `friend_id`, `status_id`, `requested_at`, `confirmed_at`, `created_at`, `updated_at`) VALUES (13, 13, 1, '1976-05-15 20:35:01', '1983-11-16 20:42:03', '1991-04-01 04:37:46', '1993-08-31 23:04:42');
INSERT INTO `friendship` (`user_id`, `friend_id`, `status_id`, `requested_at`, `confirmed_at`, `created_at`, `updated_at`) VALUES (14, 14, 0, '1985-05-07 13:16:18', '1987-10-31 12:59:59', '1994-08-21 07:57:00', '1987-05-04 06:18:27');
INSERT INTO `friendship` (`user_id`, `friend_id`, `status_id`, `requested_at`, `confirmed_at`, `created_at`, `updated_at`) VALUES (15, 15, 0, '1991-11-20 05:52:52', '1980-12-20 15:09:49', '1997-06-09 01:16:39', '1989-02-10 10:24:22');
INSERT INTO `friendship` (`user_id`, `friend_id`, `status_id`, `requested_at`, `confirmed_at`, `created_at`, `updated_at`) VALUES (16, 16, 0, '1993-12-10 07:15:22', '1997-02-06 21:37:05', '1971-10-30 00:38:05', '2014-06-04 07:20:32');
INSERT INTO `friendship` (`user_id`, `friend_id`, `status_id`, `requested_at`, `confirmed_at`, `created_at`, `updated_at`) VALUES (17, 17, 2, '1973-01-28 08:41:27', '1976-05-07 18:20:59', '1974-04-18 11:58:51', '1981-10-30 04:04:31');
INSERT INTO `friendship` (`user_id`, `friend_id`, `status_id`, `requested_at`, `confirmed_at`, `created_at`, `updated_at`) VALUES (18, 18, 0, '2005-06-07 19:57:45', '1980-05-08 23:54:19', '2001-09-16 04:35:39', '2012-05-13 12:24:27');
INSERT INTO `friendship` (`user_id`, `friend_id`, `status_id`, `requested_at`, `confirmed_at`, `created_at`, `updated_at`) VALUES (19, 19, 3, '1985-07-03 08:34:00', '1998-04-29 22:16:04', '1999-12-14 00:31:37', '1998-01-08 18:51:50');
INSERT INTO `friendship` (`user_id`, `friend_id`, `status_id`, `requested_at`, `confirmed_at`, `created_at`, `updated_at`) VALUES (20, 20, 1, '2010-10-03 01:39:40', '1972-12-19 06:33:43', '1989-03-02 15:32:12', '1983-12-29 17:33:38');
INSERT INTO `friendship` (`user_id`, `friend_id`, `status_id`, `requested_at`, `confirmed_at`, `created_at`, `updated_at`) VALUES (21, 21, 3, '2018-11-01 18:50:20', '2007-05-18 00:35:44', '1984-11-17 02:21:26', '1982-11-12 08:39:13');
INSERT INTO `friendship` (`user_id`, `friend_id`, `status_id`, `requested_at`, `confirmed_at`, `created_at`, `updated_at`) VALUES (22, 22, 1, '2012-05-19 14:33:27', '1977-05-09 09:21:30', '1976-03-25 12:07:22', '1992-02-17 18:23:36');
INSERT INTO `friendship` (`user_id`, `friend_id`, `status_id`, `requested_at`, `confirmed_at`, `created_at`, `updated_at`) VALUES (23, 23, 3, '1974-07-10 07:56:05', '1991-03-22 15:41:51', '1972-08-09 12:15:37', '2016-01-27 09:20:51');
INSERT INTO `friendship` (`user_id`, `friend_id`, `status_id`, `requested_at`, `confirmed_at`, `created_at`, `updated_at`) VALUES (24, 24, 3, '2002-07-04 06:15:43', '1985-09-23 03:06:02', '1994-08-30 06:18:41', '2015-05-01 10:29:41');
INSERT INTO `friendship` (`user_id`, `friend_id`, `status_id`, `requested_at`, `confirmed_at`, `created_at`, `updated_at`) VALUES (25, 25, 2, '1977-10-05 10:29:58', '1970-12-12 03:37:21', '2011-12-03 23:48:35', '2020-11-25 04:01:29');
INSERT INTO `friendship` (`user_id`, `friend_id`, `status_id`, `requested_at`, `confirmed_at`, `created_at`, `updated_at`) VALUES (26, 26, 0, '1981-07-02 09:29:31', '1991-07-29 18:47:33', '2005-10-01 23:35:06', '2019-03-09 02:38:46');
INSERT INTO `friendship` (`user_id`, `friend_id`, `status_id`, `requested_at`, `confirmed_at`, `created_at`, `updated_at`) VALUES (27, 27, 1, '2009-08-19 16:38:12', '1980-09-07 22:59:06', '1982-11-03 03:44:40', '2003-05-16 17:33:37');
INSERT INTO `friendship` (`user_id`, `friend_id`, `status_id`, `requested_at`, `confirmed_at`, `created_at`, `updated_at`) VALUES (28, 28, 1, '1998-08-31 22:55:39', '2015-01-20 18:38:15', '2007-09-20 23:58:07', '2020-12-08 16:57:10');
INSERT INTO `friendship` (`user_id`, `friend_id`, `status_id`, `requested_at`, `confirmed_at`, `created_at`, `updated_at`) VALUES (29, 29, 1, '2020-07-24 20:29:01', '2001-05-04 07:28:39', '2008-12-14 07:14:26', '1992-07-25 06:24:09');
INSERT INTO `friendship` (`user_id`, `friend_id`, `status_id`, `requested_at`, `confirmed_at`, `created_at`, `updated_at`) VALUES (30, 30, 0, '1998-04-15 08:49:08', '1983-12-28 20:45:36', '1994-06-30 12:35:35', '1971-05-04 18:18:24');
INSERT INTO `friendship` (`user_id`, `friend_id`, `status_id`, `requested_at`, `confirmed_at`, `created_at`, `updated_at`) VALUES (31, 31, 3, '2018-10-04 06:03:32', '1970-03-23 21:51:05', '1970-02-12 13:14:57', '1997-09-07 06:39:16');
INSERT INTO `friendship` (`user_id`, `friend_id`, `status_id`, `requested_at`, `confirmed_at`, `created_at`, `updated_at`) VALUES (32, 32, 3, '2000-09-22 15:21:25', '1986-06-24 11:22:26', '1994-12-16 15:50:23', '1977-03-07 10:02:21');
INSERT INTO `friendship` (`user_id`, `friend_id`, `status_id`, `requested_at`, `confirmed_at`, `created_at`, `updated_at`) VALUES (33, 33, 3, '2001-05-11 20:13:40', '1977-10-07 11:02:26', '1981-11-28 19:34:25', '2002-10-27 05:16:36');
INSERT INTO `friendship` (`user_id`, `friend_id`, `status_id`, `requested_at`, `confirmed_at`, `created_at`, `updated_at`) VALUES (34, 34, 0, '2017-08-29 19:10:54', '1986-02-06 22:45:54', '1993-02-03 18:14:09', '2006-07-14 21:39:00');
INSERT INTO `friendship` (`user_id`, `friend_id`, `status_id`, `requested_at`, `confirmed_at`, `created_at`, `updated_at`) VALUES (35, 35, 2, '1984-08-01 03:06:25', '1999-08-30 05:00:43', '1982-08-23 00:35:06', '2014-05-03 10:50:41');
INSERT INTO `friendship` (`user_id`, `friend_id`, `status_id`, `requested_at`, `confirmed_at`, `created_at`, `updated_at`) VALUES (36, 36, 2, '2017-04-08 00:52:29', '1975-04-10 09:45:19', '1976-04-06 08:10:32', '1971-06-05 07:08:32');
INSERT INTO `friendship` (`user_id`, `friend_id`, `status_id`, `requested_at`, `confirmed_at`, `created_at`, `updated_at`) VALUES (37, 37, 0, '1977-11-02 09:03:12', '1991-08-13 19:56:55', '1983-10-27 02:23:42', '2014-06-28 16:45:18');
INSERT INTO `friendship` (`user_id`, `friend_id`, `status_id`, `requested_at`, `confirmed_at`, `created_at`, `updated_at`) VALUES (38, 38, 2, '2012-09-03 06:47:54', '1973-10-21 11:45:26', '1977-02-09 07:28:45', '1990-07-10 10:02:13');
INSERT INTO `friendship` (`user_id`, `friend_id`, `status_id`, `requested_at`, `confirmed_at`, `created_at`, `updated_at`) VALUES (39, 39, 0, '2014-02-18 09:00:24', '1976-11-20 04:09:22', '1989-10-09 09:16:25', '1977-09-03 00:47:28');
INSERT INTO `friendship` (`user_id`, `friend_id`, `status_id`, `requested_at`, `confirmed_at`, `created_at`, `updated_at`) VALUES (40, 40, 2, '1993-02-01 04:51:36', '1984-02-20 20:38:21', '1985-12-09 12:27:15', '1982-06-20 18:48:58');
INSERT INTO `friendship` (`user_id`, `friend_id`, `status_id`, `requested_at`, `confirmed_at`, `created_at`, `updated_at`) VALUES (41, 41, 0, '2013-10-01 20:57:14', '1980-02-19 17:59:36', '1975-09-27 06:51:22', '1985-10-07 14:57:26');
INSERT INTO `friendship` (`user_id`, `friend_id`, `status_id`, `requested_at`, `confirmed_at`, `created_at`, `updated_at`) VALUES (42, 42, 3, '2013-02-28 16:09:44', '1991-07-03 05:06:30', '1991-04-19 20:05:27', '2007-11-27 21:11:18');
INSERT INTO `friendship` (`user_id`, `friend_id`, `status_id`, `requested_at`, `confirmed_at`, `created_at`, `updated_at`) VALUES (43, 43, 3, '1998-09-28 23:12:25', '1981-11-13 20:34:16', '2018-12-26 20:11:02', '2007-03-13 00:16:28');
INSERT INTO `friendship` (`user_id`, `friend_id`, `status_id`, `requested_at`, `confirmed_at`, `created_at`, `updated_at`) VALUES (44, 44, 2, '1984-06-27 12:40:26', '1991-02-13 05:21:49', '1996-11-19 00:08:09', '1982-06-03 21:02:24');
INSERT INTO `friendship` (`user_id`, `friend_id`, `status_id`, `requested_at`, `confirmed_at`, `created_at`, `updated_at`) VALUES (45, 45, 3, '1971-04-21 23:00:57', '2019-03-08 23:23:02', '2001-09-23 09:38:50', '1992-06-27 20:36:03');
INSERT INTO `friendship` (`user_id`, `friend_id`, `status_id`, `requested_at`, `confirmed_at`, `created_at`, `updated_at`) VALUES (46, 46, 1, '2018-03-09 15:21:39', '1995-03-22 19:18:42', '1976-09-09 16:36:40', '1974-10-02 22:57:18');
INSERT INTO `friendship` (`user_id`, `friend_id`, `status_id`, `requested_at`, `confirmed_at`, `created_at`, `updated_at`) VALUES (47, 47, 3, '2014-04-20 21:03:19', '2009-03-15 13:11:20', '1995-10-22 10:52:22', '1974-06-28 13:18:39');
INSERT INTO `friendship` (`user_id`, `friend_id`, `status_id`, `requested_at`, `confirmed_at`, `created_at`, `updated_at`) VALUES (48, 48, 2, '1991-04-30 20:17:27', '1993-10-18 00:23:39', '2007-06-01 06:07:25', '1984-01-14 17:45:33');
INSERT INTO `friendship` (`user_id`, `friend_id`, `status_id`, `requested_at`, `confirmed_at`, `created_at`, `updated_at`) VALUES (49, 49, 0, '2020-12-01 02:26:28', '1991-06-26 13:30:17', '2014-03-29 17:22:26', '1995-12-14 22:25:49');
INSERT INTO `friendship` (`user_id`, `friend_id`, `status_id`, `requested_at`, `confirmed_at`, `created_at`, `updated_at`) VALUES (50, 50, 0, '2006-08-10 22:15:59', '1998-12-28 21:14:52', '1984-02-08 03:23:30', '2012-11-18 19:57:33');
INSERT INTO `friendship` (`user_id`, `friend_id`, `status_id`, `requested_at`, `confirmed_at`, `created_at`, `updated_at`) VALUES (51, 51, 0, '2001-06-17 08:49:24', '1981-03-12 04:58:35', '2001-06-02 13:09:25', '2012-06-02 00:35:51');
INSERT INTO `friendship` (`user_id`, `friend_id`, `status_id`, `requested_at`, `confirmed_at`, `created_at`, `updated_at`) VALUES (52, 52, 2, '2014-06-04 01:10:27', '2007-09-25 13:58:46', '1998-02-03 01:42:02', '1998-11-19 22:12:53');
INSERT INTO `friendship` (`user_id`, `friend_id`, `status_id`, `requested_at`, `confirmed_at`, `created_at`, `updated_at`) VALUES (53, 53, 3, '1978-11-20 20:42:44', '1987-02-11 17:22:43', '2002-02-20 03:40:59', '1990-05-04 18:36:04');
INSERT INTO `friendship` (`user_id`, `friend_id`, `status_id`, `requested_at`, `confirmed_at`, `created_at`, `updated_at`) VALUES (54, 54, 3, '1982-08-19 09:21:41', '2003-05-10 04:30:14', '1985-06-23 07:11:41', '1995-12-06 14:38:42');
INSERT INTO `friendship` (`user_id`, `friend_id`, `status_id`, `requested_at`, `confirmed_at`, `created_at`, `updated_at`) VALUES (55, 55, 0, '1975-11-19 18:28:20', '1999-01-17 23:57:04', '2018-12-01 23:49:39', '1994-01-15 12:03:46');
INSERT INTO `friendship` (`user_id`, `friend_id`, `status_id`, `requested_at`, `confirmed_at`, `created_at`, `updated_at`) VALUES (56, 56, 0, '2003-11-04 17:13:48', '2004-01-08 10:26:01', '1985-10-03 17:30:16', '2009-08-15 08:52:55');
INSERT INTO `friendship` (`user_id`, `friend_id`, `status_id`, `requested_at`, `confirmed_at`, `created_at`, `updated_at`) VALUES (57, 57, 3, '1984-12-01 13:32:21', '2007-06-04 01:05:23', '1980-10-12 01:08:37', '2018-08-22 20:26:46');
INSERT INTO `friendship` (`user_id`, `friend_id`, `status_id`, `requested_at`, `confirmed_at`, `created_at`, `updated_at`) VALUES (58, 58, 3, '2007-04-29 17:04:07', '2011-06-13 20:53:41', '2018-05-25 08:08:24', '1984-11-10 19:15:35');
INSERT INTO `friendship` (`user_id`, `friend_id`, `status_id`, `requested_at`, `confirmed_at`, `created_at`, `updated_at`) VALUES (59, 59, 0, '1972-11-25 19:19:33', '1980-10-18 21:41:15', '2012-04-10 03:12:07', '2010-02-20 06:57:51');
INSERT INTO `friendship` (`user_id`, `friend_id`, `status_id`, `requested_at`, `confirmed_at`, `created_at`, `updated_at`) VALUES (60, 60, 3, '2010-10-14 14:28:01', '2001-04-12 16:08:38', '1987-05-03 06:58:00', '1995-04-10 06:39:37');
INSERT INTO `friendship` (`user_id`, `friend_id`, `status_id`, `requested_at`, `confirmed_at`, `created_at`, `updated_at`) VALUES (61, 61, 2, '2013-04-15 08:30:50', '2006-08-20 06:47:02', '2009-01-20 04:59:12', '2001-12-23 12:00:54');
INSERT INTO `friendship` (`user_id`, `friend_id`, `status_id`, `requested_at`, `confirmed_at`, `created_at`, `updated_at`) VALUES (62, 62, 0, '1981-05-20 05:52:44', '2020-10-28 15:51:41', '1982-07-17 06:58:54', '1971-09-03 08:52:23');
INSERT INTO `friendship` (`user_id`, `friend_id`, `status_id`, `requested_at`, `confirmed_at`, `created_at`, `updated_at`) VALUES (63, 63, 3, '2007-10-31 10:08:56', '2013-10-13 11:38:21', '1988-10-12 22:34:50', '1987-02-13 13:09:45');
INSERT INTO `friendship` (`user_id`, `friend_id`, `status_id`, `requested_at`, `confirmed_at`, `created_at`, `updated_at`) VALUES (64, 64, 1, '2009-11-15 05:26:47', '2007-12-19 06:11:25', '1986-03-29 17:39:48', '1975-06-01 04:52:48');
INSERT INTO `friendship` (`user_id`, `friend_id`, `status_id`, `requested_at`, `confirmed_at`, `created_at`, `updated_at`) VALUES (65, 65, 1, '1976-11-17 16:48:45', '1989-03-28 15:29:29', '1989-08-19 03:12:24', '2009-08-17 13:18:04');
INSERT INTO `friendship` (`user_id`, `friend_id`, `status_id`, `requested_at`, `confirmed_at`, `created_at`, `updated_at`) VALUES (66, 66, 0, '1987-09-25 21:27:07', '2015-01-29 08:17:51', '1995-08-05 23:52:41', '1992-08-29 03:16:29');
INSERT INTO `friendship` (`user_id`, `friend_id`, `status_id`, `requested_at`, `confirmed_at`, `created_at`, `updated_at`) VALUES (67, 67, 1, '1983-03-31 23:42:29', '2014-07-22 00:30:34', '1999-06-08 16:46:02', '1997-11-17 04:04:14');
INSERT INTO `friendship` (`user_id`, `friend_id`, `status_id`, `requested_at`, `confirmed_at`, `created_at`, `updated_at`) VALUES (68, 68, 1, '1979-12-18 16:19:44', '2000-10-17 21:09:53', '1980-07-09 22:51:17', '1992-08-12 02:16:30');
INSERT INTO `friendship` (`user_id`, `friend_id`, `status_id`, `requested_at`, `confirmed_at`, `created_at`, `updated_at`) VALUES (69, 69, 0, '1984-03-01 16:49:55', '2000-06-23 18:13:02', '1996-07-11 17:29:52', '1974-06-10 20:36:05');
INSERT INTO `friendship` (`user_id`, `friend_id`, `status_id`, `requested_at`, `confirmed_at`, `created_at`, `updated_at`) VALUES (70, 70, 0, '1996-02-07 06:53:44', '1988-12-23 01:40:18', '2005-07-26 14:49:25', '1973-07-18 03:24:03');
INSERT INTO `friendship` (`user_id`, `friend_id`, `status_id`, `requested_at`, `confirmed_at`, `created_at`, `updated_at`) VALUES (71, 71, 0, '2004-12-23 15:05:21', '1997-04-28 07:52:45', '1996-02-01 13:06:29', '2011-04-14 13:14:07');
INSERT INTO `friendship` (`user_id`, `friend_id`, `status_id`, `requested_at`, `confirmed_at`, `created_at`, `updated_at`) VALUES (72, 72, 3, '1970-12-12 01:27:50', '2003-07-09 09:47:05', '2009-08-12 21:48:00', '1995-05-18 12:25:52');
INSERT INTO `friendship` (`user_id`, `friend_id`, `status_id`, `requested_at`, `confirmed_at`, `created_at`, `updated_at`) VALUES (73, 73, 1, '1991-09-01 22:38:29', '2000-07-12 14:07:11', '1998-06-21 06:21:29', '1986-09-06 18:43:22');
INSERT INTO `friendship` (`user_id`, `friend_id`, `status_id`, `requested_at`, `confirmed_at`, `created_at`, `updated_at`) VALUES (74, 74, 2, '1999-08-27 04:01:59', '2012-12-19 09:59:49', '2004-02-05 20:18:02', '1980-06-14 03:16:25');
INSERT INTO `friendship` (`user_id`, `friend_id`, `status_id`, `requested_at`, `confirmed_at`, `created_at`, `updated_at`) VALUES (75, 75, 1, '1986-03-19 21:02:52', '2005-10-11 09:37:13', '1992-11-03 21:15:30', '1975-12-14 14:29:29');
INSERT INTO `friendship` (`user_id`, `friend_id`, `status_id`, `requested_at`, `confirmed_at`, `created_at`, `updated_at`) VALUES (76, 76, 1, '1992-08-25 06:47:38', '1980-07-09 04:28:31', '1993-09-23 02:37:29', '2010-01-14 10:31:00');
INSERT INTO `friendship` (`user_id`, `friend_id`, `status_id`, `requested_at`, `confirmed_at`, `created_at`, `updated_at`) VALUES (77, 77, 0, '1990-03-12 20:41:47', '2008-09-10 21:47:53', '2002-11-16 21:59:10', '1972-05-23 14:47:25');
INSERT INTO `friendship` (`user_id`, `friend_id`, `status_id`, `requested_at`, `confirmed_at`, `created_at`, `updated_at`) VALUES (78, 78, 2, '1990-09-18 19:50:00', '1995-07-20 11:31:14', '1984-09-15 06:09:53', '1983-10-22 12:49:45');
INSERT INTO `friendship` (`user_id`, `friend_id`, `status_id`, `requested_at`, `confirmed_at`, `created_at`, `updated_at`) VALUES (79, 79, 1, '2009-03-08 07:48:44', '1998-02-25 11:31:52', '1987-07-11 21:24:52', '1991-02-11 18:34:12');
INSERT INTO `friendship` (`user_id`, `friend_id`, `status_id`, `requested_at`, `confirmed_at`, `created_at`, `updated_at`) VALUES (80, 80, 0, '1981-01-16 18:23:23', '2016-07-11 20:05:31', '1991-11-15 17:01:28', '1985-02-01 15:17:33');
INSERT INTO `friendship` (`user_id`, `friend_id`, `status_id`, `requested_at`, `confirmed_at`, `created_at`, `updated_at`) VALUES (81, 81, 0, '1982-03-14 12:13:05', '1986-06-29 06:30:29', '1980-03-02 03:19:18', '2002-12-24 12:31:06');
INSERT INTO `friendship` (`user_id`, `friend_id`, `status_id`, `requested_at`, `confirmed_at`, `created_at`, `updated_at`) VALUES (82, 82, 0, '2013-06-20 16:37:17', '2010-11-13 14:29:16', '2015-11-28 05:47:16', '2019-05-02 12:38:20');
INSERT INTO `friendship` (`user_id`, `friend_id`, `status_id`, `requested_at`, `confirmed_at`, `created_at`, `updated_at`) VALUES (83, 83, 0, '2005-04-07 13:15:08', '1970-09-12 21:44:40', '2018-07-10 00:49:30', '2015-02-14 23:54:12');
INSERT INTO `friendship` (`user_id`, `friend_id`, `status_id`, `requested_at`, `confirmed_at`, `created_at`, `updated_at`) VALUES (84, 84, 1, '1970-09-08 15:49:20', '2000-05-10 17:58:07', '1999-04-01 10:07:19', '1971-05-15 18:56:04');
INSERT INTO `friendship` (`user_id`, `friend_id`, `status_id`, `requested_at`, `confirmed_at`, `created_at`, `updated_at`) VALUES (85, 85, 0, '1981-06-07 11:23:50', '1977-08-20 13:31:45', '1974-03-08 09:00:51', '1980-02-07 21:47:23');
INSERT INTO `friendship` (`user_id`, `friend_id`, `status_id`, `requested_at`, `confirmed_at`, `created_at`, `updated_at`) VALUES (86, 86, 0, '2000-06-13 00:23:02', '2016-04-20 21:02:44', '2020-04-06 13:31:31', '1981-10-21 01:16:40');
INSERT INTO `friendship` (`user_id`, `friend_id`, `status_id`, `requested_at`, `confirmed_at`, `created_at`, `updated_at`) VALUES (87, 87, 3, '2012-02-24 19:57:27', '2009-06-07 23:00:16', '1974-12-17 03:10:40', '2010-03-27 19:42:21');
INSERT INTO `friendship` (`user_id`, `friend_id`, `status_id`, `requested_at`, `confirmed_at`, `created_at`, `updated_at`) VALUES (88, 88, 0, '2009-12-26 20:54:22', '1971-09-18 11:51:23', '2015-07-13 09:23:15', '2013-12-01 11:45:12');
INSERT INTO `friendship` (`user_id`, `friend_id`, `status_id`, `requested_at`, `confirmed_at`, `created_at`, `updated_at`) VALUES (89, 89, 0, '2003-01-07 02:35:47', '1991-01-09 19:01:04', '2014-02-11 16:03:33', '1976-08-13 04:03:17');
INSERT INTO `friendship` (`user_id`, `friend_id`, `status_id`, `requested_at`, `confirmed_at`, `created_at`, `updated_at`) VALUES (90, 90, 0, '2010-04-18 16:54:18', '1977-03-17 02:58:09', '2004-08-06 19:02:37', '2012-09-27 02:07:38');
INSERT INTO `friendship` (`user_id`, `friend_id`, `status_id`, `requested_at`, `confirmed_at`, `created_at`, `updated_at`) VALUES (91, 91, 2, '2007-04-30 22:15:47', '2001-03-27 22:33:38', '2013-02-24 21:58:30', '1991-08-28 16:08:26');
INSERT INTO `friendship` (`user_id`, `friend_id`, `status_id`, `requested_at`, `confirmed_at`, `created_at`, `updated_at`) VALUES (92, 92, 2, '2005-06-24 23:18:19', '1981-03-31 02:49:32', '2017-01-27 00:43:10', '2013-05-26 06:23:36');
INSERT INTO `friendship` (`user_id`, `friend_id`, `status_id`, `requested_at`, `confirmed_at`, `created_at`, `updated_at`) VALUES (93, 93, 3, '2020-06-18 20:39:09', '1972-12-16 07:52:13', '2010-02-13 21:33:40', '2020-01-01 21:28:03');
INSERT INTO `friendship` (`user_id`, `friend_id`, `status_id`, `requested_at`, `confirmed_at`, `created_at`, `updated_at`) VALUES (94, 94, 0, '2012-03-01 17:03:47', '2001-02-09 20:37:27', '1997-08-14 12:30:45', '2002-09-20 12:18:24');
INSERT INTO `friendship` (`user_id`, `friend_id`, `status_id`, `requested_at`, `confirmed_at`, `created_at`, `updated_at`) VALUES (95, 95, 0, '1997-12-06 07:14:23', '1971-04-14 02:04:00', '1986-11-01 14:19:18', '1980-11-28 03:58:06');
INSERT INTO `friendship` (`user_id`, `friend_id`, `status_id`, `requested_at`, `confirmed_at`, `created_at`, `updated_at`) VALUES (96, 96, 2, '1984-12-28 12:43:17', '2013-02-12 12:03:40', '1994-07-31 15:20:46', '1980-10-28 00:38:55');
INSERT INTO `friendship` (`user_id`, `friend_id`, `status_id`, `requested_at`, `confirmed_at`, `created_at`, `updated_at`) VALUES (97, 97, 0, '2017-05-03 02:26:25', '1974-01-13 18:13:14', '1983-05-24 11:24:10', '1989-01-04 22:16:55');
INSERT INTO `friendship` (`user_id`, `friend_id`, `status_id`, `requested_at`, `confirmed_at`, `created_at`, `updated_at`) VALUES (98, 98, 3, '1979-01-02 03:08:27', '2002-12-30 07:19:55', '2008-11-24 19:19:20', '2017-06-25 05:58:43');
INSERT INTO `friendship` (`user_id`, `friend_id`, `status_id`, `requested_at`, `confirmed_at`, `created_at`, `updated_at`) VALUES (99, 99, 1, '2006-11-14 06:41:07', '1987-01-18 18:42:55', '1992-03-19 00:14:14', '1971-11-28 05:14:36');
INSERT INTO `friendship` (`user_id`, `friend_id`, `status_id`, `requested_at`, `confirmed_at`, `created_at`, `updated_at`) VALUES (100, 100, 0, '2005-07-24 01:47:53', '1995-12-21 12:58:22', '1988-12-09 16:20:11', '1999-11-18 05:36:22');


#
# TABLE STRUCTURE FOR: friendship_statuses
#

DROP TABLE IF EXISTS `friendship_statuses`;

CREATE TABLE `friendship_statuses` (
  `id` bigint(20) unsigned NOT NULL AUTO_INCREMENT COMMENT 'Идентификатор строки',
  `name` varchar(150) COLLATE utf8_unicode_ci NOT NULL COMMENT 'Название статуса',
  `created_at` datetime NOT NULL DEFAULT current_timestamp() COMMENT 'Время создания строки',
  `updated_at` datetime DEFAULT current_timestamp() ON UPDATE current_timestamp() COMMENT 'Время обновления строки',
  UNIQUE KEY `id` (`id`),
  UNIQUE KEY `name` (`name`)
) ENGINE=InnoDB AUTO_INCREMENT=101 DEFAULT CHARSET=utf8 COLLATE=utf8_unicode_ci COMMENT='Статусы дружбы';

INSERT INTO `friendship_statuses` (`id`, `name`, `created_at`, `updated_at`) VALUES ('1', 'sapiente', '1976-07-12 04:15:34', '1998-05-01 15:06:44');
INSERT INTO `friendship_statuses` (`id`, `name`, `created_at`, `updated_at`) VALUES ('2', 'et', '1990-11-27 06:25:41', '1989-04-27 03:04:33');
INSERT INTO `friendship_statuses` (`id`, `name`, `created_at`, `updated_at`) VALUES ('3', 'consectetur', '2001-08-21 19:15:14', '2002-11-05 06:23:57');
INSERT INTO `friendship_statuses` (`id`, `name`, `created_at`, `updated_at`) VALUES ('4', 'est', '1978-07-10 13:06:45', '1999-02-02 22:52:41');
INSERT INTO `friendship_statuses` (`id`, `name`, `created_at`, `updated_at`) VALUES ('5', 'consequatur', '1981-10-31 15:24:13', '1998-09-21 23:44:34');
INSERT INTO `friendship_statuses` (`id`, `name`, `created_at`, `updated_at`) VALUES ('6', 'ex', '1995-07-03 07:07:19', '1977-04-25 09:01:52');
INSERT INTO `friendship_statuses` (`id`, `name`, `created_at`, `updated_at`) VALUES ('7', 'voluptatibus', '2004-06-02 12:17:28', '2012-04-03 22:26:54');
INSERT INTO `friendship_statuses` (`id`, `name`, `created_at`, `updated_at`) VALUES ('8', 'dolorum', '1995-11-29 07:38:45', '1987-12-22 02:28:01');
INSERT INTO `friendship_statuses` (`id`, `name`, `created_at`, `updated_at`) VALUES ('9', 'at', '2009-07-31 21:46:30', '2006-08-21 04:13:41');
INSERT INTO `friendship_statuses` (`id`, `name`, `created_at`, `updated_at`) VALUES ('10', 'excepturi', '2006-06-01 19:00:08', '1986-01-08 20:01:48');
INSERT INTO `friendship_statuses` (`id`, `name`, `created_at`, `updated_at`) VALUES ('11', 'dolores', '2002-06-07 01:37:37', '1981-09-24 08:19:01');
INSERT INTO `friendship_statuses` (`id`, `name`, `created_at`, `updated_at`) VALUES ('12', 'sequi', '2007-08-22 20:32:40', '2018-09-06 08:14:50');
INSERT INTO `friendship_statuses` (`id`, `name`, `created_at`, `updated_at`) VALUES ('13', 'voluptatem', '1986-12-21 08:51:54', '1991-02-26 13:20:21');
INSERT INTO `friendship_statuses` (`id`, `name`, `created_at`, `updated_at`) VALUES ('14', 'vel', '1982-03-30 01:45:18', '1986-07-16 17:35:05');
INSERT INTO `friendship_statuses` (`id`, `name`, `created_at`, `updated_at`) VALUES ('15', 'molestiae', '1990-11-08 14:32:32', '2015-03-22 00:43:53');
INSERT INTO `friendship_statuses` (`id`, `name`, `created_at`, `updated_at`) VALUES ('16', 'aut', '1987-09-13 20:56:03', '2007-09-26 23:52:54');
INSERT INTO `friendship_statuses` (`id`, `name`, `created_at`, `updated_at`) VALUES ('17', 'vero', '1972-11-23 15:56:58', '1979-01-02 01:00:34');
INSERT INTO `friendship_statuses` (`id`, `name`, `created_at`, `updated_at`) VALUES ('18', 'cupiditate', '2011-07-09 11:15:44', '1994-06-18 01:52:02');
INSERT INTO `friendship_statuses` (`id`, `name`, `created_at`, `updated_at`) VALUES ('19', 'sunt', '2013-07-28 20:29:01', '2014-08-08 09:00:37');
INSERT INTO `friendship_statuses` (`id`, `name`, `created_at`, `updated_at`) VALUES ('20', 'nihil', '2010-01-08 08:57:33', '2012-08-07 11:03:14');
INSERT INTO `friendship_statuses` (`id`, `name`, `created_at`, `updated_at`) VALUES ('21', 'explicabo', '1988-10-31 17:41:17', '2019-09-21 20:30:43');
INSERT INTO `friendship_statuses` (`id`, `name`, `created_at`, `updated_at`) VALUES ('22', 'iusto', '1980-09-14 20:51:02', '2017-06-24 12:12:55');
INSERT INTO `friendship_statuses` (`id`, `name`, `created_at`, `updated_at`) VALUES ('23', 'laudantium', '2007-04-02 10:39:05', '1973-05-29 10:16:20');
INSERT INTO `friendship_statuses` (`id`, `name`, `created_at`, `updated_at`) VALUES ('24', 'aliquam', '2008-05-05 20:56:11', '2006-01-20 16:10:48');
INSERT INTO `friendship_statuses` (`id`, `name`, `created_at`, `updated_at`) VALUES ('25', 'itaque', '1997-11-18 05:03:23', '2014-02-09 11:00:01');
INSERT INTO `friendship_statuses` (`id`, `name`, `created_at`, `updated_at`) VALUES ('26', 'rerum', '2006-03-08 16:03:42', '2001-11-09 19:31:42');
INSERT INTO `friendship_statuses` (`id`, `name`, `created_at`, `updated_at`) VALUES ('27', 'aperiam', '2016-04-04 13:02:15', '1983-10-02 22:45:56');
INSERT INTO `friendship_statuses` (`id`, `name`, `created_at`, `updated_at`) VALUES ('28', 'cumque', '1992-11-30 16:05:06', '2015-07-05 03:18:17');
INSERT INTO `friendship_statuses` (`id`, `name`, `created_at`, `updated_at`) VALUES ('29', 'perspiciatis', '2001-06-22 02:57:22', '1982-07-06 16:28:53');
INSERT INTO `friendship_statuses` (`id`, `name`, `created_at`, `updated_at`) VALUES ('30', 'natus', '1990-03-15 09:01:41', '2010-08-15 11:06:16');
INSERT INTO `friendship_statuses` (`id`, `name`, `created_at`, `updated_at`) VALUES ('31', 'omnis', '1996-04-04 00:17:52', '1978-11-04 06:58:34');
INSERT INTO `friendship_statuses` (`id`, `name`, `created_at`, `updated_at`) VALUES ('32', 'a', '1999-02-05 10:13:50', '1980-01-02 14:50:21');
INSERT INTO `friendship_statuses` (`id`, `name`, `created_at`, `updated_at`) VALUES ('33', 'quisquam', '1975-07-09 14:45:28', '2012-11-09 05:43:12');
INSERT INTO `friendship_statuses` (`id`, `name`, `created_at`, `updated_at`) VALUES ('34', 'dolore', '1979-10-07 15:13:22', '1989-12-06 13:57:40');
INSERT INTO `friendship_statuses` (`id`, `name`, `created_at`, `updated_at`) VALUES ('35', 'ea', '2011-04-10 13:00:18', '1990-04-07 11:53:03');
INSERT INTO `friendship_statuses` (`id`, `name`, `created_at`, `updated_at`) VALUES ('36', 'ipsam', '2000-03-26 17:30:05', '1990-05-05 02:47:57');
INSERT INTO `friendship_statuses` (`id`, `name`, `created_at`, `updated_at`) VALUES ('37', 'sint', '1993-06-04 14:16:59', '2007-01-12 22:17:00');
INSERT INTO `friendship_statuses` (`id`, `name`, `created_at`, `updated_at`) VALUES ('38', 'laboriosam', '2008-10-30 13:57:41', '1995-05-23 06:45:50');
INSERT INTO `friendship_statuses` (`id`, `name`, `created_at`, `updated_at`) VALUES ('39', 'eos', '1986-03-03 11:06:34', '2007-04-27 02:50:13');
INSERT INTO `friendship_statuses` (`id`, `name`, `created_at`, `updated_at`) VALUES ('40', 'facere', '1983-04-12 02:12:22', '2010-02-10 06:16:29');
INSERT INTO `friendship_statuses` (`id`, `name`, `created_at`, `updated_at`) VALUES ('41', 'porro', '1996-04-06 09:29:01', '1991-04-18 00:59:14');
INSERT INTO `friendship_statuses` (`id`, `name`, `created_at`, `updated_at`) VALUES ('42', 'possimus', '2012-05-05 11:24:08', '1989-11-05 06:21:49');
INSERT INTO `friendship_statuses` (`id`, `name`, `created_at`, `updated_at`) VALUES ('43', 'reiciendis', '1996-01-25 05:12:36', '1999-07-16 22:02:05');
INSERT INTO `friendship_statuses` (`id`, `name`, `created_at`, `updated_at`) VALUES ('44', 'dolorem', '1990-07-21 08:13:26', '2002-10-07 02:15:20');
INSERT INTO `friendship_statuses` (`id`, `name`, `created_at`, `updated_at`) VALUES ('45', 'voluptate', '2015-01-27 04:33:06', '1985-09-30 08:07:41');
INSERT INTO `friendship_statuses` (`id`, `name`, `created_at`, `updated_at`) VALUES ('46', 'qui', '1999-12-04 11:44:04', '1978-10-21 04:28:21');
INSERT INTO `friendship_statuses` (`id`, `name`, `created_at`, `updated_at`) VALUES ('47', 'repellendus', '1997-11-02 08:16:13', '1971-07-20 19:37:46');
INSERT INTO `friendship_statuses` (`id`, `name`, `created_at`, `updated_at`) VALUES ('48', 'architecto', '2001-12-10 01:15:10', '1999-01-25 08:12:19');
INSERT INTO `friendship_statuses` (`id`, `name`, `created_at`, `updated_at`) VALUES ('49', 'delectus', '1997-08-16 03:16:51', '2014-04-06 05:37:42');
INSERT INTO `friendship_statuses` (`id`, `name`, `created_at`, `updated_at`) VALUES ('50', 'laborum', '1989-10-10 02:12:02', '2001-08-24 22:58:45');
INSERT INTO `friendship_statuses` (`id`, `name`, `created_at`, `updated_at`) VALUES ('51', 'quasi', '2016-12-12 15:21:30', '1974-05-21 04:16:04');
INSERT INTO `friendship_statuses` (`id`, `name`, `created_at`, `updated_at`) VALUES ('52', 'recusandae', '2005-02-13 02:15:43', '2012-01-15 23:09:00');
INSERT INTO `friendship_statuses` (`id`, `name`, `created_at`, `updated_at`) VALUES ('53', 'temporibus', '1998-11-25 08:54:54', '1999-02-02 08:24:21');
INSERT INTO `friendship_statuses` (`id`, `name`, `created_at`, `updated_at`) VALUES ('54', 'iure', '1990-09-25 07:29:05', '1984-09-04 07:10:17');
INSERT INTO `friendship_statuses` (`id`, `name`, `created_at`, `updated_at`) VALUES ('55', 'minima', '1987-12-28 15:38:31', '1975-04-01 07:36:11');
INSERT INTO `friendship_statuses` (`id`, `name`, `created_at`, `updated_at`) VALUES ('56', 'esse', '2015-07-21 11:49:23', '1980-03-12 23:44:26');
INSERT INTO `friendship_statuses` (`id`, `name`, `created_at`, `updated_at`) VALUES ('57', 'quas', '2014-10-05 13:25:27', '2016-04-06 04:38:56');
INSERT INTO `friendship_statuses` (`id`, `name`, `created_at`, `updated_at`) VALUES ('58', 'dignissimos', '2020-06-25 23:10:52', '1979-05-30 10:39:38');
INSERT INTO `friendship_statuses` (`id`, `name`, `created_at`, `updated_at`) VALUES ('59', 'officia', '1987-03-22 08:44:18', '1987-01-03 07:45:12');
INSERT INTO `friendship_statuses` (`id`, `name`, `created_at`, `updated_at`) VALUES ('60', 'aliquid', '2003-02-11 11:25:21', '1975-10-24 06:07:15');
INSERT INTO `friendship_statuses` (`id`, `name`, `created_at`, `updated_at`) VALUES ('61', 'veritatis', '2011-09-08 00:19:48', '1975-10-29 00:36:07');
INSERT INTO `friendship_statuses` (`id`, `name`, `created_at`, `updated_at`) VALUES ('62', 'enim', '1995-12-14 07:43:14', '2020-03-03 13:16:00');
INSERT INTO `friendship_statuses` (`id`, `name`, `created_at`, `updated_at`) VALUES ('63', 'eum', '1980-09-21 18:09:51', '1985-02-03 15:44:04');
INSERT INTO `friendship_statuses` (`id`, `name`, `created_at`, `updated_at`) VALUES ('64', 'hic', '1989-02-20 16:34:34', '1997-01-29 18:27:11');
INSERT INTO `friendship_statuses` (`id`, `name`, `created_at`, `updated_at`) VALUES ('65', 'provident', '2009-02-28 00:40:36', '1984-12-31 05:43:44');
INSERT INTO `friendship_statuses` (`id`, `name`, `created_at`, `updated_at`) VALUES ('66', 'velit', '1996-02-12 01:29:50', '1983-12-15 22:55:42');
INSERT INTO `friendship_statuses` (`id`, `name`, `created_at`, `updated_at`) VALUES ('67', 'deserunt', '1970-05-15 19:16:55', '2012-12-10 09:40:23');
INSERT INTO `friendship_statuses` (`id`, `name`, `created_at`, `updated_at`) VALUES ('68', 'quam', '1983-03-17 08:13:57', '2013-02-09 06:56:17');
INSERT INTO `friendship_statuses` (`id`, `name`, `created_at`, `updated_at`) VALUES ('69', 'eaque', '1989-06-10 12:27:44', '1987-05-12 17:45:33');
INSERT INTO `friendship_statuses` (`id`, `name`, `created_at`, `updated_at`) VALUES ('70', 'mollitia', '2020-05-15 21:27:21', '1988-11-17 22:35:14');
INSERT INTO `friendship_statuses` (`id`, `name`, `created_at`, `updated_at`) VALUES ('71', 'ut', '1972-11-22 08:49:06', '1977-12-13 23:24:49');
INSERT INTO `friendship_statuses` (`id`, `name`, `created_at`, `updated_at`) VALUES ('72', 'ipsum', '1989-07-11 12:04:31', '2002-09-06 03:06:26');
INSERT INTO `friendship_statuses` (`id`, `name`, `created_at`, `updated_at`) VALUES ('73', 'id', '2000-11-16 23:29:36', '2002-03-28 05:19:40');
INSERT INTO `friendship_statuses` (`id`, `name`, `created_at`, `updated_at`) VALUES ('74', 'optio', '1997-04-07 00:50:47', '1985-01-25 09:14:29');
INSERT INTO `friendship_statuses` (`id`, `name`, `created_at`, `updated_at`) VALUES ('75', 'sit', '1979-03-30 23:53:10', '1978-09-14 04:36:51');
INSERT INTO `friendship_statuses` (`id`, `name`, `created_at`, `updated_at`) VALUES ('76', 'quia', '1982-03-04 15:57:00', '2016-02-02 01:23:47');
INSERT INTO `friendship_statuses` (`id`, `name`, `created_at`, `updated_at`) VALUES ('77', 'repellat', '2003-07-21 18:31:44', '2012-08-09 10:21:31');
INSERT INTO `friendship_statuses` (`id`, `name`, `created_at`, `updated_at`) VALUES ('78', 'reprehenderit', '2000-05-05 04:43:46', '2010-11-08 00:33:27');
INSERT INTO `friendship_statuses` (`id`, `name`, `created_at`, `updated_at`) VALUES ('79', 'repudiandae', '1976-01-28 00:54:22', '1995-08-25 14:27:31');
INSERT INTO `friendship_statuses` (`id`, `name`, `created_at`, `updated_at`) VALUES ('80', 'tenetur', '1996-06-05 22:36:32', '2010-07-20 10:16:25');
INSERT INTO `friendship_statuses` (`id`, `name`, `created_at`, `updated_at`) VALUES ('81', 'maxime', '1977-11-24 08:38:18', '1997-09-22 06:45:07');
INSERT INTO `friendship_statuses` (`id`, `name`, `created_at`, `updated_at`) VALUES ('82', 'dolor', '1980-11-12 02:06:03', '2017-05-11 01:26:19');
INSERT INTO `friendship_statuses` (`id`, `name`, `created_at`, `updated_at`) VALUES ('83', 'veniam', '1997-09-06 22:21:53', '2017-07-31 06:26:53');
INSERT INTO `friendship_statuses` (`id`, `name`, `created_at`, `updated_at`) VALUES ('84', 'suscipit', '1970-04-09 07:55:59', '1987-12-02 07:05:41');
INSERT INTO `friendship_statuses` (`id`, `name`, `created_at`, `updated_at`) VALUES ('85', 'eligendi', '1996-07-18 22:46:55', '2011-04-08 21:45:35');
INSERT INTO `friendship_statuses` (`id`, `name`, `created_at`, `updated_at`) VALUES ('86', 'neque', '2002-01-25 04:58:07', '1977-04-07 03:55:21');
INSERT INTO `friendship_statuses` (`id`, `name`, `created_at`, `updated_at`) VALUES ('87', 'impedit', '1985-05-24 20:55:34', '1972-07-25 16:09:40');
INSERT INTO `friendship_statuses` (`id`, `name`, `created_at`, `updated_at`) VALUES ('88', 'sed', '2016-06-25 22:47:20', '1973-01-23 19:34:06');
INSERT INTO `friendship_statuses` (`id`, `name`, `created_at`, `updated_at`) VALUES ('89', 'numquam', '2004-09-23 03:58:53', '1983-08-31 00:13:55');
INSERT INTO `friendship_statuses` (`id`, `name`, `created_at`, `updated_at`) VALUES ('90', 'error', '2001-07-18 02:26:42', '1985-08-07 18:04:24');
INSERT INTO `friendship_statuses` (`id`, `name`, `created_at`, `updated_at`) VALUES ('91', 'corrupti', '1985-09-05 23:17:23', '2013-11-18 15:29:56');
INSERT INTO `friendship_statuses` (`id`, `name`, `created_at`, `updated_at`) VALUES ('92', 'modi', '1994-01-30 18:01:15', '1992-09-09 19:51:18');
INSERT INTO `friendship_statuses` (`id`, `name`, `created_at`, `updated_at`) VALUES ('93', 'in', '2005-01-27 19:28:37', '2011-01-02 13:30:02');
INSERT INTO `friendship_statuses` (`id`, `name`, `created_at`, `updated_at`) VALUES ('94', 'quis', '1987-04-24 15:05:04', '2009-04-24 07:08:34');
INSERT INTO `friendship_statuses` (`id`, `name`, `created_at`, `updated_at`) VALUES ('95', 'magnam', '1984-12-14 18:34:35', '1998-09-18 22:34:19');
INSERT INTO `friendship_statuses` (`id`, `name`, `created_at`, `updated_at`) VALUES ('96', 'ipsa', '1978-02-04 08:07:57', '1997-10-24 14:10:14');
INSERT INTO `friendship_statuses` (`id`, `name`, `created_at`, `updated_at`) VALUES ('97', 'magni', '2000-06-15 23:39:33', '2003-09-06 10:56:33');
INSERT INTO `friendship_statuses` (`id`, `name`, `created_at`, `updated_at`) VALUES ('98', 'odit', '2003-12-01 07:31:19', '1999-05-18 18:11:53');
INSERT INTO `friendship_statuses` (`id`, `name`, `created_at`, `updated_at`) VALUES ('99', 'tempore', '2006-06-08 17:10:40', '2009-03-31 08:13:10');
INSERT INTO `friendship_statuses` (`id`, `name`, `created_at`, `updated_at`) VALUES ('100', 'harum', '1978-10-27 01:22:10', '2011-09-29 21:52:43');


#
# TABLE STRUCTURE FOR: media
#

DROP TABLE IF EXISTS `media`;

CREATE TABLE `media` (
  `id` int(10) unsigned NOT NULL AUTO_INCREMENT COMMENT 'Идентификатор строки',
  `filename` varchar(255) COLLATE utf8_unicode_ci NOT NULL COMMENT 'Путь к файлу',
  `digest` varchar(256) COLLATE utf8_unicode_ci NOT NULL COMMENT 'SHA256 дайжест файла',
  `size` int(11) NOT NULL COMMENT 'Размер файла',
  `metadata` longtext CHARACTER SET utf8mb4 COLLATE utf8mb4_bin DEFAULT NULL COMMENT 'Метаданные файла' CHECK (json_valid(`metadata`)),
  `media_type_id` int(10) unsigned NOT NULL COMMENT 'Ссылка на тип контента',
  `created_at` datetime NOT NULL DEFAULT current_timestamp() COMMENT 'Время создания строки',
  `updated_at` datetime DEFAULT current_timestamp() ON UPDATE current_timestamp() COMMENT 'Время обновления строки',
  PRIMARY KEY (`id`)
) ENGINE=InnoDB DEFAULT CHARSET=utf8 COLLATE=utf8_unicode_ci COMMENT='Медиафайлы';

#
# TABLE STRUCTURE FOR: messages
#

DROP TABLE IF EXISTS `messages`;

CREATE TABLE `messages` (
  `id` bigint(20) unsigned NOT NULL AUTO_INCREMENT COMMENT 'Идентификатор строки',
  `from_user_id` int(10) unsigned NOT NULL COMMENT 'Ссылка на отправителя сообщения',
  `to_user_id` int(10) unsigned NOT NULL COMMENT 'Ссылка на получателя сообщения',
  `body` text COLLATE utf8_unicode_ci NOT NULL COMMENT 'Текст сообщения',
  `is_important` tinyint(1) DEFAULT NULL COMMENT 'Признак важности',
  `is_delivered` tinyint(1) DEFAULT NULL COMMENT 'Признак доставки',
  `created_at` datetime NOT NULL DEFAULT current_timestamp() COMMENT 'Время создания строки',
  `updated_at` datetime DEFAULT current_timestamp() ON UPDATE current_timestamp() COMMENT 'Время обновления строки',
  UNIQUE KEY `id` (`id`)
) ENGINE=InnoDB AUTO_INCREMENT=101 DEFAULT CHARSET=utf8 COLLATE=utf8_unicode_ci COMMENT='Сообщения';

INSERT INTO `messages` (`id`, `from_user_id`, `to_user_id`, `body`, `is_important`, `is_delivered`, `created_at`, `updated_at`) VALUES ('1', 1, 1, 'Id dolorum doloremque perspiciatis at eligendi dolorum. Optio non et necessitatibus fugit hic. Maiores cum voluptatibus consequuntur ad aut incidunt enim.', 1, 0, '1975-04-10 06:58:52', '2005-01-04 22:19:42');
INSERT INTO `messages` (`id`, `from_user_id`, `to_user_id`, `body`, `is_important`, `is_delivered`, `created_at`, `updated_at`) VALUES ('2', 2, 2, 'Delectus sit beatae aut quia ea inventore ab eius. Iure temporibus adipisci reiciendis aliquid et doloremque molestiae eius. Hic est eum quis.', 1, 0, '2019-10-07 23:33:49', '1988-10-20 06:42:26');
INSERT INTO `messages` (`id`, `from_user_id`, `to_user_id`, `body`, `is_important`, `is_delivered`, `created_at`, `updated_at`) VALUES ('3', 3, 3, 'Et autem deserunt explicabo sit. Excepturi velit enim et nihil et inventore deserunt delectus.', 0, 0, '1978-10-27 04:18:55', '2008-09-29 08:17:54');
INSERT INTO `messages` (`id`, `from_user_id`, `to_user_id`, `body`, `is_important`, `is_delivered`, `created_at`, `updated_at`) VALUES ('4', 4, 4, 'Adipisci recusandae dolores soluta autem quod et aliquid. Cumque minima sapiente quae repellendus quis. Ea aut magnam aperiam placeat incidunt.', 1, 0, '2009-02-03 22:47:04', '1998-11-24 01:52:10');
INSERT INTO `messages` (`id`, `from_user_id`, `to_user_id`, `body`, `is_important`, `is_delivered`, `created_at`, `updated_at`) VALUES ('5', 5, 5, 'Accusantium nobis et quisquam. Dicta ex tenetur maiores aspernatur. Nam qui necessitatibus vitae voluptate animi incidunt provident consequatur. Ipsum sapiente accusamus et a deleniti neque et.', 1, 0, '1972-11-22 13:10:12', '1979-09-01 21:00:51');
INSERT INTO `messages` (`id`, `from_user_id`, `to_user_id`, `body`, `is_important`, `is_delivered`, `created_at`, `updated_at`) VALUES ('6', 6, 6, 'Voluptates dolores harum in voluptas. Voluptates et enim a necessitatibus sed enim facilis. Est distinctio provident culpa.', 0, 1, '2007-11-17 23:57:05', '1986-02-19 15:24:40');
INSERT INTO `messages` (`id`, `from_user_id`, `to_user_id`, `body`, `is_important`, `is_delivered`, `created_at`, `updated_at`) VALUES ('7', 7, 7, 'Autem et rerum est voluptas et fuga exercitationem. Repellendus optio ullam blanditiis quasi magnam. Qui mollitia aut mollitia neque enim est.', 0, 0, '1970-03-20 16:26:25', '1983-07-28 11:42:30');
INSERT INTO `messages` (`id`, `from_user_id`, `to_user_id`, `body`, `is_important`, `is_delivered`, `created_at`, `updated_at`) VALUES ('8', 8, 8, 'Ea et temporibus optio rerum repudiandae doloremque. Voluptatibus praesentium fugit minima provident. Blanditiis eaque vel amet reprehenderit nobis reprehenderit.', 1, 0, '1979-12-24 18:24:19', '2000-01-09 08:40:07');
INSERT INTO `messages` (`id`, `from_user_id`, `to_user_id`, `body`, `is_important`, `is_delivered`, `created_at`, `updated_at`) VALUES ('9', 9, 9, 'Qui delectus quos dicta ut totam. Consequuntur unde laboriosam excepturi recusandae voluptas. Molestiae ad vitae ea consequatur in amet est. Sed quae ad ratione magnam soluta ullam quasi.', 1, 0, '1978-02-08 11:35:38', '1982-06-23 04:16:13');
INSERT INTO `messages` (`id`, `from_user_id`, `to_user_id`, `body`, `is_important`, `is_delivered`, `created_at`, `updated_at`) VALUES ('10', 10, 10, 'Occaecati sunt dolore voluptate ratione. Et illo ipsa autem ab velit nisi ea. Alias numquam eos corporis ut sed placeat aut. Similique adipisci eum minima soluta ipsum hic.', 1, 0, '1992-06-12 22:15:40', '2008-05-22 19:34:14');
INSERT INTO `messages` (`id`, `from_user_id`, `to_user_id`, `body`, `is_important`, `is_delivered`, `created_at`, `updated_at`) VALUES ('11', 11, 11, 'Ea accusamus dicta voluptatem et aut maiores impedit. Aut ut quis est. Sunt quia corrupti veniam in quo veniam ab.', 0, 1, '1995-03-24 21:10:39', '1973-03-21 13:31:51');
INSERT INTO `messages` (`id`, `from_user_id`, `to_user_id`, `body`, `is_important`, `is_delivered`, `created_at`, `updated_at`) VALUES ('12', 12, 12, 'Tenetur sed quod quidem modi totam et doloribus. Voluptatum quo voluptas vitae tempora molestias. Vel sunt quibusdam libero itaque ut. Hic amet ut repellendus.', 0, 1, '1972-06-07 18:13:50', '1999-08-22 20:18:31');
INSERT INTO `messages` (`id`, `from_user_id`, `to_user_id`, `body`, `is_important`, `is_delivered`, `created_at`, `updated_at`) VALUES ('13', 13, 13, 'Quasi porro eaque dolores omnis. Porro ipsum praesentium sunt ex at. Quas totam aliquam quo voluptas. Ex quibusdam saepe sunt doloribus.', 0, 0, '2014-03-04 00:52:33', '1991-09-13 13:37:11');
INSERT INTO `messages` (`id`, `from_user_id`, `to_user_id`, `body`, `is_important`, `is_delivered`, `created_at`, `updated_at`) VALUES ('14', 14, 14, 'Aut asperiores dignissimos quisquam nihil. Veniam soluta rerum totam error. Numquam rerum a dolorum aut in incidunt sint. Qui in sunt numquam consequatur aut quia.', 1, 0, '1982-09-03 15:01:28', '1978-09-03 09:39:50');
INSERT INTO `messages` (`id`, `from_user_id`, `to_user_id`, `body`, `is_important`, `is_delivered`, `created_at`, `updated_at`) VALUES ('15', 15, 15, 'Asperiores totam nostrum facere necessitatibus in cupiditate. Quibusdam quidem alias quo vero vel. Quia dolor repellendus nihil. Ea autem esse quia voluptas necessitatibus pariatur placeat.', 1, 0, '1973-10-21 14:29:32', '1971-03-14 10:40:57');
INSERT INTO `messages` (`id`, `from_user_id`, `to_user_id`, `body`, `is_important`, `is_delivered`, `created_at`, `updated_at`) VALUES ('16', 16, 16, 'Maiores saepe molestias ipsam rerum. Consequatur rem sed vel numquam non aut. Rerum harum vel suscipit alias expedita maiores.', 1, 1, '2007-08-03 17:30:00', '2016-01-02 17:42:53');
INSERT INTO `messages` (`id`, `from_user_id`, `to_user_id`, `body`, `is_important`, `is_delivered`, `created_at`, `updated_at`) VALUES ('17', 17, 17, 'Qui quo quo voluptate dicta. Quam beatae ut at id architecto voluptas deserunt. Porro velit dolores et. Qui repellat et rem sit consequatur est.', 1, 1, '1974-01-19 15:30:59', '1980-10-05 06:21:08');
INSERT INTO `messages` (`id`, `from_user_id`, `to_user_id`, `body`, `is_important`, `is_delivered`, `created_at`, `updated_at`) VALUES ('18', 18, 18, 'Dolorem eligendi reprehenderit magni adipisci. Nostrum vitae suscipit autem voluptas. Atque illo optio quidem quos aut omnis.', 1, 0, '2003-03-05 08:29:06', '2010-01-22 14:15:10');
INSERT INTO `messages` (`id`, `from_user_id`, `to_user_id`, `body`, `is_important`, `is_delivered`, `created_at`, `updated_at`) VALUES ('19', 19, 19, 'Vel unde sunt et magnam. Repellat sed sint cupiditate est illum aut. Illum ex et sed consequuntur quia distinctio ut eligendi. Possimus dicta dolor esse sunt.', 1, 1, '2018-11-18 09:06:44', '2020-04-09 05:51:26');
INSERT INTO `messages` (`id`, `from_user_id`, `to_user_id`, `body`, `is_important`, `is_delivered`, `created_at`, `updated_at`) VALUES ('20', 20, 20, 'Nostrum neque provident adipisci. Ipsum quos placeat illo est. In enim repellat et debitis vel. Quia vero et odit nesciunt. Qui et minus tempore omnis.', 1, 1, '1988-08-20 11:18:39', '2011-09-10 01:45:15');
INSERT INTO `messages` (`id`, `from_user_id`, `to_user_id`, `body`, `is_important`, `is_delivered`, `created_at`, `updated_at`) VALUES ('21', 21, 21, 'Natus omnis corporis veniam officia alias ad quis. Dolor ratione et impedit est possimus et. Omnis repudiandae et sint.', 0, 0, '1990-05-24 07:42:02', '2001-09-05 18:06:43');
INSERT INTO `messages` (`id`, `from_user_id`, `to_user_id`, `body`, `is_important`, `is_delivered`, `created_at`, `updated_at`) VALUES ('22', 22, 22, 'Cum sunt aspernatur aut facilis. Eius nihil vitae rerum vel est non incidunt. Enim placeat laborum itaque ipsa maiores et.', 1, 0, '2012-10-31 22:30:58', '1983-11-24 17:33:25');
INSERT INTO `messages` (`id`, `from_user_id`, `to_user_id`, `body`, `is_important`, `is_delivered`, `created_at`, `updated_at`) VALUES ('23', 23, 23, 'A voluptatem cum porro illum quo assumenda. Fuga nisi ipsum asperiores.\nAlias hic iste molestias reiciendis occaecati soluta autem quis. Nisi enim nulla hic et dolor dicta et at.', 0, 1, '1994-12-30 14:10:29', '2018-03-26 13:18:01');
INSERT INTO `messages` (`id`, `from_user_id`, `to_user_id`, `body`, `is_important`, `is_delivered`, `created_at`, `updated_at`) VALUES ('24', 24, 24, 'Ut aut dolorem dolorem tempore. Nulla nulla eligendi architecto. Ea ut eos natus cumque nihil quas rem. Sed aliquid molestiae ex sequi suscipit eum dolorum dolorum.', 1, 1, '2020-10-17 16:17:40', '1993-09-14 02:09:36');
INSERT INTO `messages` (`id`, `from_user_id`, `to_user_id`, `body`, `is_important`, `is_delivered`, `created_at`, `updated_at`) VALUES ('25', 25, 25, 'Sed ad minus vel aut magni quod veritatis. Assumenda a vero non ad.', 1, 0, '1990-11-21 05:23:51', '1972-12-06 16:10:27');
INSERT INTO `messages` (`id`, `from_user_id`, `to_user_id`, `body`, `is_important`, `is_delivered`, `created_at`, `updated_at`) VALUES ('26', 26, 26, 'Accusamus aliquam unde dicta harum culpa. Sed libero similique laborum fugiat harum ipsum ut dignissimos. Corrupti voluptatem et veritatis.', 0, 1, '1976-02-27 08:42:12', '2019-06-28 22:16:50');
INSERT INTO `messages` (`id`, `from_user_id`, `to_user_id`, `body`, `is_important`, `is_delivered`, `created_at`, `updated_at`) VALUES ('27', 27, 27, 'Exercitationem iusto doloribus maxime illo sit eos quis. Alias aut quo sit ullam. Doloribus rerum quidem debitis magnam dicta. Aut et nulla quis tenetur.', 1, 0, '1982-02-23 13:21:29', '2003-01-21 19:45:38');
INSERT INTO `messages` (`id`, `from_user_id`, `to_user_id`, `body`, `is_important`, `is_delivered`, `created_at`, `updated_at`) VALUES ('28', 28, 28, 'Laborum corrupti tempore ea odio. Est aliquid illo quam qui explicabo illum. Ratione sint consequatur quis sit. Earum exercitationem qui et. Eum voluptatem illum commodi facere nihil temporibus qui.', 1, 1, '2018-12-17 01:17:11', '1986-08-16 07:50:08');
INSERT INTO `messages` (`id`, `from_user_id`, `to_user_id`, `body`, `is_important`, `is_delivered`, `created_at`, `updated_at`) VALUES ('29', 29, 29, 'Aut officia asperiores est est. Voluptates sed architecto blanditiis harum dicta. Quia et sed et eveniet. Non rerum reiciendis ipsam et minima quis.', 0, 0, '1984-12-01 08:43:40', '2001-02-27 14:44:24');
INSERT INTO `messages` (`id`, `from_user_id`, `to_user_id`, `body`, `is_important`, `is_delivered`, `created_at`, `updated_at`) VALUES ('30', 30, 30, 'Eos ut sunt consectetur. Totam cupiditate eaque corrupti sed consequuntur quo velit.', 0, 1, '1982-09-13 08:55:18', '1982-05-14 14:47:20');
INSERT INTO `messages` (`id`, `from_user_id`, `to_user_id`, `body`, `is_important`, `is_delivered`, `created_at`, `updated_at`) VALUES ('31', 31, 31, 'Occaecati omnis ducimus praesentium provident. Modi similique repudiandae occaecati facilis. Facilis similique voluptas cupiditate eos quo.', 0, 1, '1992-09-21 10:21:07', '2002-11-21 15:22:54');
INSERT INTO `messages` (`id`, `from_user_id`, `to_user_id`, `body`, `is_important`, `is_delivered`, `created_at`, `updated_at`) VALUES ('32', 32, 32, 'Ad dolores porro quidem. Quae asperiores odio sit dolorum suscipit. Repellat eos dolore architecto necessitatibus asperiores aut. Nobis et et praesentium molestiae non.', 1, 0, '1989-11-30 06:11:11', '2007-03-18 17:24:38');
INSERT INTO `messages` (`id`, `from_user_id`, `to_user_id`, `body`, `is_important`, `is_delivered`, `created_at`, `updated_at`) VALUES ('33', 33, 33, 'Dicta beatae optio recusandae vitae nobis. Repellendus et sed optio pariatur quasi eum esse. Unde eius ratione vel.', 0, 0, '1991-02-23 08:28:34', '2009-04-02 00:59:11');
INSERT INTO `messages` (`id`, `from_user_id`, `to_user_id`, `body`, `is_important`, `is_delivered`, `created_at`, `updated_at`) VALUES ('34', 34, 34, 'Numquam qui quam ipsa odit. Ipsam debitis earum dolor sit.\nAliquam distinctio recusandae at qui. Minus atque facere dolore facilis.', 0, 0, '2008-05-03 02:37:32', '1994-04-04 06:22:42');
INSERT INTO `messages` (`id`, `from_user_id`, `to_user_id`, `body`, `is_important`, `is_delivered`, `created_at`, `updated_at`) VALUES ('35', 35, 35, 'Qui voluptates dolore qui necessitatibus deleniti et nam. Repudiandae laboriosam quas dolores inventore nisi optio enim animi. Quasi ut tenetur consequuntur saepe et.', 0, 0, '2001-01-18 00:34:29', '1999-07-24 12:46:28');
INSERT INTO `messages` (`id`, `from_user_id`, `to_user_id`, `body`, `is_important`, `is_delivered`, `created_at`, `updated_at`) VALUES ('36', 36, 36, 'Dolores quos velit est unde animi pariatur quod. Et molestiae nihil quo possimus. Nam blanditiis adipisci non vel tempore.', 1, 1, '1994-03-21 22:07:23', '1976-04-05 04:28:08');
INSERT INTO `messages` (`id`, `from_user_id`, `to_user_id`, `body`, `is_important`, `is_delivered`, `created_at`, `updated_at`) VALUES ('37', 37, 37, 'Tenetur nobis et molestiae provident. Aliquid consequatur et porro impedit illum quis. Excepturi at et itaque iusto.', 1, 0, '1983-08-09 11:50:36', '1994-06-07 18:57:35');
INSERT INTO `messages` (`id`, `from_user_id`, `to_user_id`, `body`, `is_important`, `is_delivered`, `created_at`, `updated_at`) VALUES ('38', 38, 38, 'Dolor sit reprehenderit nulla natus sunt maiores voluptate excepturi. Praesentium quas numquam ut est magni. Natus voluptatem et optio vel natus. Iusto sunt distinctio officia veniam dolore.', 0, 0, '1971-01-17 11:30:05', '2018-09-26 21:42:27');
INSERT INTO `messages` (`id`, `from_user_id`, `to_user_id`, `body`, `is_important`, `is_delivered`, `created_at`, `updated_at`) VALUES ('39', 39, 39, 'Minima qui illo qui dolorum nihil. Ut eius et similique ea qui nulla sunt aut. Soluta eum expedita delectus. Excepturi consequatur minima quisquam recusandae velit et.', 0, 0, '1993-01-15 03:30:05', '2018-07-19 18:48:42');
INSERT INTO `messages` (`id`, `from_user_id`, `to_user_id`, `body`, `is_important`, `is_delivered`, `created_at`, `updated_at`) VALUES ('40', 40, 40, 'Provident et occaecati et ut. Corporis nemo consequatur velit. Quis vel suscipit et velit veritatis voluptas. Maxime nam mollitia perspiciatis consequatur similique perspiciatis itaque.', 0, 0, '2002-07-19 23:11:57', '1976-10-09 04:56:19');
INSERT INTO `messages` (`id`, `from_user_id`, `to_user_id`, `body`, `is_important`, `is_delivered`, `created_at`, `updated_at`) VALUES ('41', 41, 41, 'Enim deserunt numquam tempore molestias. Consequuntur sint culpa nihil tempore exercitationem. Corrupti praesentium aut aut. Aut est veritatis esse adipisci.', 0, 0, '1982-06-15 04:07:53', '2020-09-27 02:07:20');
INSERT INTO `messages` (`id`, `from_user_id`, `to_user_id`, `body`, `is_important`, `is_delivered`, `created_at`, `updated_at`) VALUES ('42', 42, 42, 'Cumque aut aut beatae. Possimus nobis quasi enim aut. Quidem consequuntur sit doloribus soluta sit nihil sed.', 1, 1, '2016-10-01 18:22:42', '2013-12-28 21:32:54');
INSERT INTO `messages` (`id`, `from_user_id`, `to_user_id`, `body`, `is_important`, `is_delivered`, `created_at`, `updated_at`) VALUES ('43', 43, 43, 'Saepe voluptas et odit beatae inventore ipsa. Facere quod error necessitatibus fuga. Ipsum ipsa explicabo quo et fuga id dignissimos sit.', 1, 1, '2013-06-02 22:15:32', '2001-07-02 02:45:30');
INSERT INTO `messages` (`id`, `from_user_id`, `to_user_id`, `body`, `is_important`, `is_delivered`, `created_at`, `updated_at`) VALUES ('44', 44, 44, 'Natus architecto explicabo odit ad magni. Consectetur laudantium quia quod excepturi illo.', 0, 0, '1982-02-08 04:14:59', '1990-05-16 17:29:51');
INSERT INTO `messages` (`id`, `from_user_id`, `to_user_id`, `body`, `is_important`, `is_delivered`, `created_at`, `updated_at`) VALUES ('45', 45, 45, 'Qui dolores ex nisi magni et. Sed est velit illum et fugiat ea quod sint. Quisquam beatae tenetur laborum est vitae iste et.', 1, 0, '2000-02-04 03:44:00', '1972-09-10 02:58:41');
INSERT INTO `messages` (`id`, `from_user_id`, `to_user_id`, `body`, `is_important`, `is_delivered`, `created_at`, `updated_at`) VALUES ('46', 46, 46, 'Est autem aperiam quasi id. Impedit dolores adipisci molestiae enim eaque dolorum sed. Expedita rem et repellendus mollitia iusto omnis.', 0, 1, '1998-01-13 00:14:04', '1994-04-05 03:35:18');
INSERT INTO `messages` (`id`, `from_user_id`, `to_user_id`, `body`, `is_important`, `is_delivered`, `created_at`, `updated_at`) VALUES ('47', 47, 47, 'Repellat quibusdam alias non molestiae facere consequuntur molestiae. Ea praesentium modi voluptas labore et aut molestiae. Aut laudantium qui eius ut.', 1, 0, '2014-06-26 18:46:32', '1978-04-24 18:20:43');
INSERT INTO `messages` (`id`, `from_user_id`, `to_user_id`, `body`, `is_important`, `is_delivered`, `created_at`, `updated_at`) VALUES ('48', 48, 48, 'Ut itaque rem velit in nesciunt eum. Eligendi ut delectus explicabo nihil voluptatem. Consequatur voluptates ipsum molestiae ipsam aut eos sint voluptas.', 0, 1, '1972-06-11 18:43:21', '1985-04-08 04:23:29');
INSERT INTO `messages` (`id`, `from_user_id`, `to_user_id`, `body`, `is_important`, `is_delivered`, `created_at`, `updated_at`) VALUES ('49', 49, 49, 'Sed omnis saepe rem numquam nemo sunt. Quibusdam cumque aut nisi voluptas. Tempora quis quia necessitatibus dolore ab mollitia in.', 0, 1, '1998-10-20 01:25:41', '1976-05-03 16:45:32');
INSERT INTO `messages` (`id`, `from_user_id`, `to_user_id`, `body`, `is_important`, `is_delivered`, `created_at`, `updated_at`) VALUES ('50', 50, 50, 'Possimus rem ut porro est quidem tempora. Natus earum corrupti rerum rem enim. Earum ipsum mollitia quod nostrum et et et.', 1, 0, '2012-12-19 05:57:32', '2010-11-02 14:52:53');
INSERT INTO `messages` (`id`, `from_user_id`, `to_user_id`, `body`, `is_important`, `is_delivered`, `created_at`, `updated_at`) VALUES ('51', 51, 51, 'Recusandae quas animi maiores maxime iusto hic consequatur. Voluptatem laborum quaerat tempora omnis necessitatibus quisquam. Odit ut consequatur aut qui et saepe.', 1, 1, '1985-02-13 08:16:40', '1973-08-12 23:18:10');
INSERT INTO `messages` (`id`, `from_user_id`, `to_user_id`, `body`, `is_important`, `is_delivered`, `created_at`, `updated_at`) VALUES ('52', 52, 52, 'Rerum minus asperiores pariatur delectus rerum quisquam. Minus perferendis placeat facere quia est delectus eos. Et voluptates rerum accusantium ad natus. Assumenda omnis nihil nulla ut totam sint.', 1, 1, '1986-04-12 06:45:54', '1993-08-07 20:30:23');
INSERT INTO `messages` (`id`, `from_user_id`, `to_user_id`, `body`, `is_important`, `is_delivered`, `created_at`, `updated_at`) VALUES ('53', 53, 53, 'Facere in ullam et hic esse ducimus facere. Voluptatem aut quis et eligendi pariatur.', 0, 1, '2010-05-08 15:47:48', '1970-12-17 18:59:31');
INSERT INTO `messages` (`id`, `from_user_id`, `to_user_id`, `body`, `is_important`, `is_delivered`, `created_at`, `updated_at`) VALUES ('54', 54, 54, 'Corrupti cumque sint tenetur nisi consequatur est. Impedit eaque voluptatem ut quia veniam iste doloremque necessitatibus. Sequi earum quo adipisci eligendi nostrum corrupti. Sed non dolores ad id.', 1, 1, '2003-08-28 06:06:55', '2008-05-17 09:14:50');
INSERT INTO `messages` (`id`, `from_user_id`, `to_user_id`, `body`, `is_important`, `is_delivered`, `created_at`, `updated_at`) VALUES ('55', 55, 55, 'Omnis voluptatem explicabo rem excepturi nulla dignissimos neque tempora. Aut debitis iure aspernatur sunt. Harum nemo nisi harum eum molestiae. Et et accusantium reprehenderit incidunt sit.', 1, 0, '2015-06-22 21:11:59', '2006-11-25 04:25:51');
INSERT INTO `messages` (`id`, `from_user_id`, `to_user_id`, `body`, `is_important`, `is_delivered`, `created_at`, `updated_at`) VALUES ('56', 56, 56, 'Corrupti enim velit eligendi. Rerum aut molestiae excepturi quasi. Perferendis non qui debitis et fuga. Et atque laboriosam vero.', 0, 0, '2006-01-26 00:47:59', '2001-01-15 10:31:17');
INSERT INTO `messages` (`id`, `from_user_id`, `to_user_id`, `body`, `is_important`, `is_delivered`, `created_at`, `updated_at`) VALUES ('57', 57, 57, 'Adipisci officia itaque delectus laborum nesciunt dicta dolorem. Quo a nostrum dolores in. Quis voluptatum aut impedit soluta. Laborum nam quo dolorum sint.', 0, 1, '2002-12-21 23:02:20', '2020-06-04 06:19:36');
INSERT INTO `messages` (`id`, `from_user_id`, `to_user_id`, `body`, `is_important`, `is_delivered`, `created_at`, `updated_at`) VALUES ('58', 58, 58, 'Impedit ut odio aliquam sunt. Est velit quaerat fuga ea. Quis occaecati culpa nisi non maiores repellendus dolore. Excepturi quidem fugit et. Voluptatem odio quo dolor explicabo.', 0, 0, '2017-01-28 18:33:15', '2018-02-08 16:24:23');
INSERT INTO `messages` (`id`, `from_user_id`, `to_user_id`, `body`, `is_important`, `is_delivered`, `created_at`, `updated_at`) VALUES ('59', 59, 59, 'Iure quibusdam soluta ullam incidunt fuga. Neque repellendus quis commodi. Porro necessitatibus vero provident asperiores earum.', 0, 1, '2001-02-09 05:19:36', '1998-12-18 14:59:37');
INSERT INTO `messages` (`id`, `from_user_id`, `to_user_id`, `body`, `is_important`, `is_delivered`, `created_at`, `updated_at`) VALUES ('60', 60, 60, 'Assumenda ipsam itaque et autem porro. Dicta saepe quis veritatis aliquid nobis architecto id. Corporis aliquam aut consectetur quae. Optio maxime amet ut aut asperiores culpa quia inventore.', 1, 1, '1983-10-06 12:31:31', '1970-05-12 20:47:49');
INSERT INTO `messages` (`id`, `from_user_id`, `to_user_id`, `body`, `is_important`, `is_delivered`, `created_at`, `updated_at`) VALUES ('61', 61, 61, 'Dolores facere reprehenderit omnis vel vel. Non molestiae omnis quia aut impedit atque eius. Totam aut quod repudiandae veritatis qui id. Vero et enim veniam quo sint aliquid.', 1, 0, '1979-12-21 21:06:57', '2019-06-09 04:41:08');
INSERT INTO `messages` (`id`, `from_user_id`, `to_user_id`, `body`, `is_important`, `is_delivered`, `created_at`, `updated_at`) VALUES ('62', 62, 62, 'Distinctio delectus veritatis consequatur vero minus ut. Rerum ut ratione quia suscipit. Doloribus voluptates eum enim modi voluptate ut.', 0, 1, '1988-03-08 15:30:40', '1992-11-24 20:28:33');
INSERT INTO `messages` (`id`, `from_user_id`, `to_user_id`, `body`, `is_important`, `is_delivered`, `created_at`, `updated_at`) VALUES ('63', 63, 63, 'Neque quos sunt ipsum qui. Natus qui quia placeat eum explicabo quod in. Perferendis similique sunt sed voluptas et similique. Cupiditate quis debitis nisi inventore blanditiis sunt consequatur.', 1, 0, '1972-02-12 22:17:39', '1981-05-06 05:55:58');
INSERT INTO `messages` (`id`, `from_user_id`, `to_user_id`, `body`, `is_important`, `is_delivered`, `created_at`, `updated_at`) VALUES ('64', 64, 64, 'Qui qui temporibus cupiditate. Fugit nihil unde sit vitae quidem. Laborum neque fugiat non non enim quo.', 1, 0, '2020-04-13 14:32:06', '1986-10-04 17:54:43');
INSERT INTO `messages` (`id`, `from_user_id`, `to_user_id`, `body`, `is_important`, `is_delivered`, `created_at`, `updated_at`) VALUES ('65', 65, 65, 'Est et eius porro placeat et. Officiis quo non sit. Quaerat voluptate fugit nihil quia sit delectus sit. Neque sequi qui quo autem ad.', 0, 1, '1995-07-10 10:18:12', '1986-01-30 00:34:16');
INSERT INTO `messages` (`id`, `from_user_id`, `to_user_id`, `body`, `is_important`, `is_delivered`, `created_at`, `updated_at`) VALUES ('66', 66, 66, 'Dolores numquam rerum voluptas delectus. Excepturi sit quo dolor minima. Aut ut odio voluptatum.', 1, 0, '2002-07-23 04:24:51', '1995-05-18 20:09:16');
INSERT INTO `messages` (`id`, `from_user_id`, `to_user_id`, `body`, `is_important`, `is_delivered`, `created_at`, `updated_at`) VALUES ('67', 67, 67, 'Molestias quas et ex fugit mollitia soluta voluptatem. Dicta ex asperiores qui similique. Qui qui in facere aperiam. Nihil eum vero aut ut.', 0, 1, '1995-05-15 22:31:47', '2002-03-13 08:33:31');
INSERT INTO `messages` (`id`, `from_user_id`, `to_user_id`, `body`, `is_important`, `is_delivered`, `created_at`, `updated_at`) VALUES ('68', 68, 68, 'Et quia esse neque rerum quia et. Rerum quae quia architecto ut et et rem. At possimus in est officiis quisquam reprehenderit. Hic sint repellendus maiores sed eum quia est.', 0, 1, '2007-05-03 23:13:36', '1988-08-07 14:21:07');
INSERT INTO `messages` (`id`, `from_user_id`, `to_user_id`, `body`, `is_important`, `is_delivered`, `created_at`, `updated_at`) VALUES ('69', 69, 69, 'Neque omnis cumque est voluptate corrupti voluptas unde. Et consequatur nihil esse rerum. Omnis dolore non fuga molestiae atque officiis sunt. Sit deserunt quis ut nisi dolor non autem.', 1, 0, '2017-10-14 13:01:21', '1975-06-16 05:20:59');
INSERT INTO `messages` (`id`, `from_user_id`, `to_user_id`, `body`, `is_important`, `is_delivered`, `created_at`, `updated_at`) VALUES ('70', 70, 70, 'Eveniet voluptatibus est autem. Eaque voluptatem quisquam quia quo eos iusto.', 1, 1, '2009-02-27 14:59:23', '2017-03-09 02:34:19');
INSERT INTO `messages` (`id`, `from_user_id`, `to_user_id`, `body`, `is_important`, `is_delivered`, `created_at`, `updated_at`) VALUES ('71', 71, 71, 'Est nihil fugit officiis ipsam et voluptatem. Ipsam sunt voluptates dolores. Provident omnis repellat qui eaque asperiores.', 0, 0, '1999-08-16 04:32:15', '1982-07-08 11:15:02');
INSERT INTO `messages` (`id`, `from_user_id`, `to_user_id`, `body`, `is_important`, `is_delivered`, `created_at`, `updated_at`) VALUES ('72', 72, 72, 'Aspernatur laboriosam deleniti ut velit est a. Rerum natus asperiores natus voluptates. Animi dolorem illo voluptatum.', 0, 0, '2006-03-30 20:56:57', '2014-06-08 06:57:18');
INSERT INTO `messages` (`id`, `from_user_id`, `to_user_id`, `body`, `is_important`, `is_delivered`, `created_at`, `updated_at`) VALUES ('73', 73, 73, 'Quia qui et harum omnis eveniet repellat vero. Error eius eveniet enim consequatur dignissimos. Dolorem repudiandae doloribus omnis. Reiciendis et repellat nostrum odit.', 0, 0, '1998-07-21 06:26:34', '2010-06-12 14:18:06');
INSERT INTO `messages` (`id`, `from_user_id`, `to_user_id`, `body`, `is_important`, `is_delivered`, `created_at`, `updated_at`) VALUES ('74', 74, 74, 'Voluptatem sint at et optio saepe esse. Similique excepturi quasi et nulla voluptas error accusantium consequuntur. Cupiditate non aut ad id et veritatis illo.', 0, 0, '1976-11-09 12:58:13', '2009-06-20 19:17:48');
INSERT INTO `messages` (`id`, `from_user_id`, `to_user_id`, `body`, `is_important`, `is_delivered`, `created_at`, `updated_at`) VALUES ('75', 75, 75, 'Fugit ducimus nulla occaecati veritatis id numquam totam. Rerum voluptas amet enim quam alias recusandae error. Natus voluptatem alias minus sit ut magnam rem rerum. Nihil qui quia ab quia.', 0, 1, '1995-10-06 07:52:14', '2016-09-09 05:03:04');
INSERT INTO `messages` (`id`, `from_user_id`, `to_user_id`, `body`, `is_important`, `is_delivered`, `created_at`, `updated_at`) VALUES ('76', 76, 76, 'Ea dolor culpa qui ut. Eligendi odit corporis dolores tenetur. Inventore illo ad recusandae quibusdam distinctio placeat. Velit praesentium voluptatibus ea.', 0, 1, '2011-11-29 19:53:41', '1999-03-01 04:24:29');
INSERT INTO `messages` (`id`, `from_user_id`, `to_user_id`, `body`, `is_important`, `is_delivered`, `created_at`, `updated_at`) VALUES ('77', 77, 77, 'Distinctio ex perferendis numquam molestiae et voluptatem ullam sint. Facilis voluptatem fuga enim vel voluptates cumque dolorum. Omnis quisquam cum in.', 0, 1, '1990-04-21 10:25:05', '1972-08-08 03:39:47');
INSERT INTO `messages` (`id`, `from_user_id`, `to_user_id`, `body`, `is_important`, `is_delivered`, `created_at`, `updated_at`) VALUES ('78', 78, 78, 'Est voluptatum et quasi ipsa. Ut numquam voluptas eos sit. Et dolorem repudiandae odio inventore repellat enim eius blanditiis.', 1, 1, '1971-06-04 07:49:54', '1972-07-21 10:52:34');
INSERT INTO `messages` (`id`, `from_user_id`, `to_user_id`, `body`, `is_important`, `is_delivered`, `created_at`, `updated_at`) VALUES ('79', 79, 79, 'Beatae et aut facere neque iste aut. Hic aut rerum alias et voluptatibus. Tempore dolor eum tempora hic. Accusamus ut libero aut quia expedita qui aliquid.', 1, 1, '2012-09-06 23:41:53', '1989-11-23 16:23:34');
INSERT INTO `messages` (`id`, `from_user_id`, `to_user_id`, `body`, `is_important`, `is_delivered`, `created_at`, `updated_at`) VALUES ('80', 80, 80, 'Et corporis sit sequi possimus adipisci assumenda fugit. Consequatur soluta vel voluptatem quia sed architecto neque quia. Vel vero aut cum sint.', 1, 1, '1971-04-30 00:26:58', '1998-05-02 22:54:56');
INSERT INTO `messages` (`id`, `from_user_id`, `to_user_id`, `body`, `is_important`, `is_delivered`, `created_at`, `updated_at`) VALUES ('81', 81, 81, 'Porro explicabo vel dolorum expedita quae repellendus eaque. Voluptatem dicta non id ut quis excepturi. In labore cum exercitationem.\nAd ad alias optio dolores. Eos ut fugit expedita eveniet quidem.', 0, 1, '1987-03-10 14:03:36', '2002-07-09 00:11:09');
INSERT INTO `messages` (`id`, `from_user_id`, `to_user_id`, `body`, `is_important`, `is_delivered`, `created_at`, `updated_at`) VALUES ('82', 82, 82, 'In aut eum autem. Earum fuga tempore quas dolor. Beatae nemo quia vero quas nihil ea. Iste consequatur voluptate qui eaque excepturi.', 1, 1, '1991-01-05 06:42:19', '1987-06-08 00:29:06');
INSERT INTO `messages` (`id`, `from_user_id`, `to_user_id`, `body`, `is_important`, `is_delivered`, `created_at`, `updated_at`) VALUES ('83', 83, 83, 'Quo et dicta alias expedita culpa doloribus et. Ab quidem id animi rerum minima amet architecto. Culpa iure omnis repudiandae perspiciatis.', 1, 1, '2020-06-19 15:41:41', '2002-12-17 16:32:55');
INSERT INTO `messages` (`id`, `from_user_id`, `to_user_id`, `body`, `is_important`, `is_delivered`, `created_at`, `updated_at`) VALUES ('84', 84, 84, 'Ea et voluptas ipsum dignissimos ex voluptatem eum delectus. Ipsa perferendis deserunt natus reiciendis odio culpa quisquam. Ea consequatur sed sed dignissimos voluptate dolores deleniti.', 0, 1, '2010-11-26 08:36:31', '1989-09-17 01:51:10');
INSERT INTO `messages` (`id`, `from_user_id`, `to_user_id`, `body`, `is_important`, `is_delivered`, `created_at`, `updated_at`) VALUES ('85', 85, 85, 'Beatae necessitatibus officiis corporis vel labore adipisci tenetur. Harum sit non magni. Deleniti perferendis ducimus ea laboriosam magni. Tempora reiciendis voluptatum officia sint officia itaque.', 1, 0, '2008-09-11 08:36:57', '1991-10-02 09:51:44');
INSERT INTO `messages` (`id`, `from_user_id`, `to_user_id`, `body`, `is_important`, `is_delivered`, `created_at`, `updated_at`) VALUES ('86', 86, 86, 'Saepe perspiciatis voluptatum corporis consequatur autem eaque. Maxime voluptate natus maiores sapiente commodi atque dignissimos.', 0, 1, '2006-12-18 21:50:57', '1988-04-19 05:15:46');
INSERT INTO `messages` (`id`, `from_user_id`, `to_user_id`, `body`, `is_important`, `is_delivered`, `created_at`, `updated_at`) VALUES ('87', 87, 87, 'Labore blanditiis odio reiciendis maiores et ab provident dolore. Necessitatibus eligendi autem deleniti facilis. Autem maxime expedita est sed. Non ut sed sint quia modi.', 1, 1, '1986-10-27 02:43:21', '1988-02-28 21:29:01');
INSERT INTO `messages` (`id`, `from_user_id`, `to_user_id`, `body`, `is_important`, `is_delivered`, `created_at`, `updated_at`) VALUES ('88', 88, 88, 'Odit ex eaque deleniti ipsa ut sint voluptatum. Fuga voluptate nihil illo ut vitae velit. Laboriosam molestias dolorem nostrum sint dicta.', 0, 0, '1999-05-25 02:33:59', '2011-04-12 13:41:27');
INSERT INTO `messages` (`id`, `from_user_id`, `to_user_id`, `body`, `is_important`, `is_delivered`, `created_at`, `updated_at`) VALUES ('89', 89, 89, 'Ea voluptas ipsam eius corrupti. Magni deserunt quisquam doloremque ut. Assumenda assumenda magnam maxime sunt.', 0, 0, '1987-02-11 12:51:06', '1996-06-18 04:56:44');
INSERT INTO `messages` (`id`, `from_user_id`, `to_user_id`, `body`, `is_important`, `is_delivered`, `created_at`, `updated_at`) VALUES ('90', 90, 90, 'Repudiandae occaecati nihil laboriosam voluptatem et quam sint. Id qui quis voluptas neque dolor dolorum rerum.', 0, 1, '1992-02-20 03:50:44', '1995-10-03 00:40:52');
INSERT INTO `messages` (`id`, `from_user_id`, `to_user_id`, `body`, `is_important`, `is_delivered`, `created_at`, `updated_at`) VALUES ('91', 91, 91, 'Eaque sapiente et at et aperiam alias. Aliquam eius id sunt sed corporis dolore. Modi voluptatibus culpa aut inventore.', 0, 0, '1985-07-06 00:25:43', '1999-08-18 19:58:51');
INSERT INTO `messages` (`id`, `from_user_id`, `to_user_id`, `body`, `is_important`, `is_delivered`, `created_at`, `updated_at`) VALUES ('92', 92, 92, 'Et occaecati voluptatem quaerat aut et ab. Et autem amet quo. Et ipsa id consequatur vel quas ut. Eum soluta ea temporibus et.', 0, 1, '2016-05-23 11:29:55', '1990-11-02 05:13:29');
INSERT INTO `messages` (`id`, `from_user_id`, `to_user_id`, `body`, `is_important`, `is_delivered`, `created_at`, `updated_at`) VALUES ('93', 93, 93, 'Enim similique aut dolor ad cum. Sit aspernatur ut ut est optio. Animi quo deserunt odit voluptate aperiam ut. Dolor labore possimus eligendi inventore eius et.', 1, 1, '1993-02-10 00:22:32', '1982-05-25 13:55:46');
INSERT INTO `messages` (`id`, `from_user_id`, `to_user_id`, `body`, `is_important`, `is_delivered`, `created_at`, `updated_at`) VALUES ('94', 94, 94, 'Repellat perspiciatis sed quas deleniti non expedita. Dolor eligendi modi maiores et unde illo repudiandae. Exercitationem dolorem rerum non nam quisquam.', 0, 1, '1981-12-11 20:45:32', '1975-05-05 21:27:41');
INSERT INTO `messages` (`id`, `from_user_id`, `to_user_id`, `body`, `is_important`, `is_delivered`, `created_at`, `updated_at`) VALUES ('95', 95, 95, 'Qui voluptatem quo et iusto nihil et. Dolorum beatae aut non. Nemo aut qui nobis quia voluptate odit eos. Animi aut recusandae incidunt velit dicta aut.', 1, 0, '1998-04-24 11:40:22', '2000-04-22 22:42:45');
INSERT INTO `messages` (`id`, `from_user_id`, `to_user_id`, `body`, `is_important`, `is_delivered`, `created_at`, `updated_at`) VALUES ('96', 96, 96, 'Voluptatibus expedita esse sint debitis sapiente quos. Commodi repudiandae ea mollitia corporis. Ipsam minus impedit et sunt.', 0, 1, '1993-11-03 07:21:53', '1975-02-15 22:29:43');
INSERT INTO `messages` (`id`, `from_user_id`, `to_user_id`, `body`, `is_important`, `is_delivered`, `created_at`, `updated_at`) VALUES ('97', 97, 97, 'Cupiditate repellat aut qui. Debitis nemo officia ut possimus. Alias eius autem in. Quasi aspernatur eum soluta minus dignissimos autem necessitatibus.', 1, 1, '1989-12-30 12:39:18', '1984-06-09 22:29:57');
INSERT INTO `messages` (`id`, `from_user_id`, `to_user_id`, `body`, `is_important`, `is_delivered`, `created_at`, `updated_at`) VALUES ('98', 98, 98, 'Voluptate praesentium nam ut nisi laudantium perferendis. Ad libero culpa provident temporibus. Consequatur deleniti quis facere. Quis ut sapiente et ullam itaque.', 0, 0, '2007-04-02 09:55:49', '2005-06-06 07:59:05');
INSERT INTO `messages` (`id`, `from_user_id`, `to_user_id`, `body`, `is_important`, `is_delivered`, `created_at`, `updated_at`) VALUES ('99', 99, 99, 'Magnam voluptas eos autem voluptates. Omnis iste laborum nobis vel nobis doloribus. Excepturi alias ab ratione distinctio.', 0, 1, '2009-04-27 05:12:36', '1994-06-10 22:20:36');
INSERT INTO `messages` (`id`, `from_user_id`, `to_user_id`, `body`, `is_important`, `is_delivered`, `created_at`, `updated_at`) VALUES ('100', 100, 100, 'Sunt perferendis et doloribus provident natus ut. Error porro cupiditate id aut. Qui sunt culpa doloribus unde aspernatur necessitatibus doloremque.', 0, 1, '2020-11-14 08:39:34', '1973-01-01 10:03:59');


#
# TABLE STRUCTURE FOR: profiles
#

DROP TABLE IF EXISTS `profiles`;

CREATE TABLE `profiles` (
  `user_id` int(10) unsigned NOT NULL COMMENT 'Ссылка на пользователя',
  `gender` char(1) COLLATE utf8_unicode_ci NOT NULL COMMENT 'Пол',
  `birthday` date DEFAULT NULL COMMENT 'Дата рождения',
  `photo_id` int(10) unsigned DEFAULT NULL COMMENT 'Ссылка на основную фотографию пользователя',
  `status_id` int(11) DEFAULT NULL COMMENT 'Текущий статус',
  `city` varchar(130) COLLATE utf8_unicode_ci DEFAULT NULL COMMENT 'Город проживания',
  `country_id` int(11) DEFAULT NULL COMMENT 'Страна проживания',
  `created_at` datetime NOT NULL DEFAULT current_timestamp() COMMENT 'Время создания строки',
  `updated_at` datetime DEFAULT current_timestamp() ON UPDATE current_timestamp() COMMENT 'Время обновления строки',
  PRIMARY KEY (`user_id`)
) ENGINE=InnoDB DEFAULT CHARSET=utf8 COLLATE=utf8_unicode_ci COMMENT='Профили';

INSERT INTO `profiles` (`user_id`, `gender`, `birthday`, `photo_id`, `status_id`, `city`, `country_id`, `created_at`, `updated_at`) VALUES (1, 'q', '1990-06-11', 0, 3, 'Port Emma', 4, '2000-03-18 21:29:01', '1971-07-01 10:39:48');
INSERT INTO `profiles` (`user_id`, `gender`, `birthday`, `photo_id`, `status_id`, `city`, `country_id`, `created_at`, `updated_at`) VALUES (2, 's', '1973-11-22', 2, 2, 'North Wendyfurt', 7, '2003-06-26 10:19:48', '1983-08-05 01:12:32');
INSERT INTO `profiles` (`user_id`, `gender`, `birthday`, `photo_id`, `status_id`, `city`, `country_id`, `created_at`, `updated_at`) VALUES (3, 'c', '2016-06-05', 5, 2, 'New Chadd', 6, '2010-08-26 07:39:15', '2008-10-04 00:46:50');
INSERT INTO `profiles` (`user_id`, `gender`, `birthday`, `photo_id`, `status_id`, `city`, `country_id`, `created_at`, `updated_at`) VALUES (4, 'n', '1975-08-02', 2, 2, 'East Makenzieville', 3, '2015-02-05 16:54:01', '2020-04-22 04:43:19');
INSERT INTO `profiles` (`user_id`, `gender`, `birthday`, `photo_id`, `status_id`, `city`, `country_id`, `created_at`, `updated_at`) VALUES (5, 'n', '2010-10-04', 4, 3, 'South Wendy', 9, '2014-08-19 12:49:43', '1973-08-10 06:06:00');
INSERT INTO `profiles` (`user_id`, `gender`, `birthday`, `photo_id`, `status_id`, `city`, `country_id`, `created_at`, `updated_at`) VALUES (6, 'n', '1971-08-29', 6, 1, 'Armstrongbury', 8, '1983-11-27 07:48:45', '1999-09-29 10:02:04');
INSERT INTO `profiles` (`user_id`, `gender`, `birthday`, `photo_id`, `status_id`, `city`, `country_id`, `created_at`, `updated_at`) VALUES (7, 'v', '1984-12-25', 3, 3, 'Schimmelburgh', 9, '1996-06-19 06:43:10', '2002-06-27 06:06:47');
INSERT INTO `profiles` (`user_id`, `gender`, `birthday`, `photo_id`, `status_id`, `city`, `country_id`, `created_at`, `updated_at`) VALUES (8, 'a', '2020-02-14', 5, 3, 'South Ayla', 6, '1976-10-09 00:04:34', '1988-02-27 06:58:13');
INSERT INTO `profiles` (`user_id`, `gender`, `birthday`, `photo_id`, `status_id`, `city`, `country_id`, `created_at`, `updated_at`) VALUES (9, 'q', '2001-05-03', 9, 3, 'South Reyview', 0, '1995-09-10 01:42:32', '2005-07-08 03:37:47');
INSERT INTO `profiles` (`user_id`, `gender`, `birthday`, `photo_id`, `status_id`, `city`, `country_id`, `created_at`, `updated_at`) VALUES (10, 'n', '2000-11-15', 9, 1, 'Port Josefort', 4, '1995-03-05 09:23:24', '1971-08-01 19:28:26');
INSERT INTO `profiles` (`user_id`, `gender`, `birthday`, `photo_id`, `status_id`, `city`, `country_id`, `created_at`, `updated_at`) VALUES (11, 'a', '1980-10-06', 3, 3, 'North Georgianaton', 5, '2018-03-02 18:06:14', '1972-02-09 08:32:52');
INSERT INTO `profiles` (`user_id`, `gender`, `birthday`, `photo_id`, `status_id`, `city`, `country_id`, `created_at`, `updated_at`) VALUES (12, 'p', '1992-12-31', 2, 0, 'Adamsville', 9, '1980-02-14 00:56:23', '2000-11-01 00:38:15');
INSERT INTO `profiles` (`user_id`, `gender`, `birthday`, `photo_id`, `status_id`, `city`, `country_id`, `created_at`, `updated_at`) VALUES (13, 's', '2000-01-19', 9, 0, 'New Kirk', 5, '1993-04-18 07:30:13', '1988-02-09 12:30:54');
INSERT INTO `profiles` (`user_id`, `gender`, `birthday`, `photo_id`, `status_id`, `city`, `country_id`, `created_at`, `updated_at`) VALUES (14, 'i', '2018-12-18', 6, 1, 'North Bernadetteland', 9, '2014-08-13 06:01:15', '2019-04-29 07:30:47');
INSERT INTO `profiles` (`user_id`, `gender`, `birthday`, `photo_id`, `status_id`, `city`, `country_id`, `created_at`, `updated_at`) VALUES (15, 'q', '1993-10-14', 0, 3, 'East Daronview', 5, '1989-06-04 08:30:14', '1998-10-02 14:54:47');
INSERT INTO `profiles` (`user_id`, `gender`, `birthday`, `photo_id`, `status_id`, `city`, `country_id`, `created_at`, `updated_at`) VALUES (16, 'r', '1997-04-05', 6, 0, 'Ellenberg', 0, '1982-08-17 07:23:20', '1982-01-28 17:45:59');
INSERT INTO `profiles` (`user_id`, `gender`, `birthday`, `photo_id`, `status_id`, `city`, `country_id`, `created_at`, `updated_at`) VALUES (17, 'n', '1987-02-10', 8, 0, 'East Jenningsview', 8, '1980-12-11 22:30:56', '1987-08-29 23:16:50');
INSERT INTO `profiles` (`user_id`, `gender`, `birthday`, `photo_id`, `status_id`, `city`, `country_id`, `created_at`, `updated_at`) VALUES (18, 'v', '2018-12-08', 6, 2, 'Loraton', 8, '2019-04-07 18:54:24', '2004-12-05 18:51:00');
INSERT INTO `profiles` (`user_id`, `gender`, `birthday`, `photo_id`, `status_id`, `city`, `country_id`, `created_at`, `updated_at`) VALUES (19, 'f', '2018-05-01', 5, 3, 'North Kiley', 1, '1998-03-28 21:41:01', '2014-03-13 23:02:38');
INSERT INTO `profiles` (`user_id`, `gender`, `birthday`, `photo_id`, `status_id`, `city`, `country_id`, `created_at`, `updated_at`) VALUES (20, 'd', '2001-06-25', 5, 2, 'Schowalterville', 6, '1994-12-18 12:13:16', '1972-07-16 03:38:19');
INSERT INTO `profiles` (`user_id`, `gender`, `birthday`, `photo_id`, `status_id`, `city`, `country_id`, `created_at`, `updated_at`) VALUES (21, 'v', '1982-03-28', 9, 1, 'Roselynhaven', 5, '2000-12-17 20:28:53', '2008-06-09 13:45:11');
INSERT INTO `profiles` (`user_id`, `gender`, `birthday`, `photo_id`, `status_id`, `city`, `country_id`, `created_at`, `updated_at`) VALUES (22, 'v', '1992-08-28', 3, 0, 'Tayastad', 2, '2013-11-24 01:01:24', '2015-05-29 07:47:16');
INSERT INTO `profiles` (`user_id`, `gender`, `birthday`, `photo_id`, `status_id`, `city`, `country_id`, `created_at`, `updated_at`) VALUES (23, 'a', '2013-12-13', 4, 1, 'West Torreyborough', 2, '1999-07-11 09:53:19', '2018-06-19 06:42:34');
INSERT INTO `profiles` (`user_id`, `gender`, `birthday`, `photo_id`, `status_id`, `city`, `country_id`, `created_at`, `updated_at`) VALUES (24, 'n', '1980-08-31', 8, 0, 'Lake Ezequiel', 0, '2019-11-06 14:10:08', '1982-10-18 07:01:35');
INSERT INTO `profiles` (`user_id`, `gender`, `birthday`, `photo_id`, `status_id`, `city`, `country_id`, `created_at`, `updated_at`) VALUES (25, 'u', '1991-02-27', 8, 0, 'Stefanieberg', 4, '1987-12-30 01:58:42', '2006-01-26 19:05:52');
INSERT INTO `profiles` (`user_id`, `gender`, `birthday`, `photo_id`, `status_id`, `city`, `country_id`, `created_at`, `updated_at`) VALUES (26, 'o', '1990-01-25', 7, 0, 'Skilesfort', 10, '1986-07-10 07:14:04', '1992-10-15 10:01:31');
INSERT INTO `profiles` (`user_id`, `gender`, `birthday`, `photo_id`, `status_id`, `city`, `country_id`, `created_at`, `updated_at`) VALUES (27, 'a', '1991-07-20', 0, 3, 'Port Loraine', 2, '1983-03-06 19:43:57', '1974-09-09 14:11:28');
INSERT INTO `profiles` (`user_id`, `gender`, `birthday`, `photo_id`, `status_id`, `city`, `country_id`, `created_at`, `updated_at`) VALUES (28, 'n', '1992-07-08', 5, 3, 'Courtneyhaven', 3, '1975-03-18 03:08:54', '2014-07-03 08:25:18');
INSERT INTO `profiles` (`user_id`, `gender`, `birthday`, `photo_id`, `status_id`, `city`, `country_id`, `created_at`, `updated_at`) VALUES (29, 'q', '2012-09-13', 7, 2, 'North Abigaylestad', 1, '1980-10-23 12:27:26', '1992-08-19 00:19:57');
INSERT INTO `profiles` (`user_id`, `gender`, `birthday`, `photo_id`, `status_id`, `city`, `country_id`, `created_at`, `updated_at`) VALUES (30, 'q', '2014-04-19', 7, 1, 'Marcelinahaven', 4, '2007-04-20 18:32:03', '1998-04-25 10:33:41');
INSERT INTO `profiles` (`user_id`, `gender`, `birthday`, `photo_id`, `status_id`, `city`, `country_id`, `created_at`, `updated_at`) VALUES (31, 'r', '1991-07-19', 6, 0, 'Collinsberg', 2, '2020-08-21 06:45:41', '1974-11-28 20:20:52');
INSERT INTO `profiles` (`user_id`, `gender`, `birthday`, `photo_id`, `status_id`, `city`, `country_id`, `created_at`, `updated_at`) VALUES (32, 'd', '2005-09-15', 8, 3, 'Kyraburgh', 10, '1983-02-27 14:22:52', '2012-01-18 06:41:15');
INSERT INTO `profiles` (`user_id`, `gender`, `birthday`, `photo_id`, `status_id`, `city`, `country_id`, `created_at`, `updated_at`) VALUES (33, 'e', '1990-06-27', 4, 0, 'Justinafort', 7, '1975-05-08 05:01:31', '2009-11-05 12:41:32');
INSERT INTO `profiles` (`user_id`, `gender`, `birthday`, `photo_id`, `status_id`, `city`, `country_id`, `created_at`, `updated_at`) VALUES (34, 'q', '2020-10-02', 8, 2, 'Lake Elenaland', 0, '2003-08-25 00:33:08', '2007-01-15 10:07:42');
INSERT INTO `profiles` (`user_id`, `gender`, `birthday`, `photo_id`, `status_id`, `city`, `country_id`, `created_at`, `updated_at`) VALUES (35, 'e', '2018-12-16', 1, 3, 'Bradfordchester', 1, '2003-05-20 00:56:31', '1973-11-23 01:43:54');
INSERT INTO `profiles` (`user_id`, `gender`, `birthday`, `photo_id`, `status_id`, `city`, `country_id`, `created_at`, `updated_at`) VALUES (36, 'a', '1978-10-15', 6, 3, 'Deltaton', 10, '1988-09-18 06:14:59', '1977-05-14 15:23:07');
INSERT INTO `profiles` (`user_id`, `gender`, `birthday`, `photo_id`, `status_id`, `city`, `country_id`, `created_at`, `updated_at`) VALUES (37, 'a', '1985-05-21', 0, 0, 'Lake Larue', 9, '2006-08-10 08:23:23', '2015-03-30 13:43:08');
INSERT INTO `profiles` (`user_id`, `gender`, `birthday`, `photo_id`, `status_id`, `city`, `country_id`, `created_at`, `updated_at`) VALUES (38, 's', '1983-01-04', 1, 0, 'Jaquanland', 7, '2012-12-23 15:20:41', '2001-08-15 04:24:14');
INSERT INTO `profiles` (`user_id`, `gender`, `birthday`, `photo_id`, `status_id`, `city`, `country_id`, `created_at`, `updated_at`) VALUES (39, 'e', '1976-07-22', 1, 0, 'Leuschkechester', 6, '2000-10-15 02:58:55', '2003-07-22 20:32:26');
INSERT INTO `profiles` (`user_id`, `gender`, `birthday`, `photo_id`, `status_id`, `city`, `country_id`, `created_at`, `updated_at`) VALUES (40, 'e', '1976-02-17', 8, 1, 'Port Gailfort', 6, '1971-08-13 08:08:59', '1993-03-13 14:59:01');
INSERT INTO `profiles` (`user_id`, `gender`, `birthday`, `photo_id`, `status_id`, `city`, `country_id`, `created_at`, `updated_at`) VALUES (41, 'q', '1979-01-24', 9, 2, 'Olsonfort', 0, '1993-02-06 10:26:07', '1978-10-14 16:15:21');
INSERT INTO `profiles` (`user_id`, `gender`, `birthday`, `photo_id`, `status_id`, `city`, `country_id`, `created_at`, `updated_at`) VALUES (42, 'v', '1985-06-27', 8, 1, 'North Leopoldo', 6, '2000-11-01 07:41:18', '2017-03-14 23:28:57');
INSERT INTO `profiles` (`user_id`, `gender`, `birthday`, `photo_id`, `status_id`, `city`, `country_id`, `created_at`, `updated_at`) VALUES (43, 'n', '2004-07-12', 0, 1, 'Lake Bernietown', 4, '2001-06-30 11:25:41', '1980-11-03 01:59:40');
INSERT INTO `profiles` (`user_id`, `gender`, `birthday`, `photo_id`, `status_id`, `city`, `country_id`, `created_at`, `updated_at`) VALUES (44, 'u', '1987-06-12', 7, 2, 'Parkerfurt', 10, '1970-04-12 01:13:21', '1990-08-07 12:14:58');
INSERT INTO `profiles` (`user_id`, `gender`, `birthday`, `photo_id`, `status_id`, `city`, `country_id`, `created_at`, `updated_at`) VALUES (45, 'n', '1976-04-30', 7, 3, 'Abbeyview', 4, '1980-10-19 01:12:25', '2014-03-11 10:46:59');
INSERT INTO `profiles` (`user_id`, `gender`, `birthday`, `photo_id`, `status_id`, `city`, `country_id`, `created_at`, `updated_at`) VALUES (46, 's', '1994-09-02', 2, 2, 'Jessieborough', 5, '2001-08-31 07:23:31', '2004-10-26 12:18:22');
INSERT INTO `profiles` (`user_id`, `gender`, `birthday`, `photo_id`, `status_id`, `city`, `country_id`, `created_at`, `updated_at`) VALUES (47, 'm', '1989-12-18', 5, 3, 'Wisozkview', 8, '2006-02-12 02:48:28', '2006-06-22 22:05:01');
INSERT INTO `profiles` (`user_id`, `gender`, `birthday`, `photo_id`, `status_id`, `city`, `country_id`, `created_at`, `updated_at`) VALUES (48, 'a', '2005-05-22', 5, 1, 'New Santinoborough', 4, '1981-03-28 06:34:12', '1978-04-15 03:06:10');
INSERT INTO `profiles` (`user_id`, `gender`, `birthday`, `photo_id`, `status_id`, `city`, `country_id`, `created_at`, `updated_at`) VALUES (49, 'm', '1997-02-22', 9, 2, 'New Casperborough', 4, '1999-03-06 08:24:27', '1983-11-11 22:22:48');
INSERT INTO `profiles` (`user_id`, `gender`, `birthday`, `photo_id`, `status_id`, `city`, `country_id`, `created_at`, `updated_at`) VALUES (50, 'v', '2000-12-28', 5, 3, 'Rennershire', 3, '2007-11-09 00:24:16', '1980-09-13 05:04:46');
INSERT INTO `profiles` (`user_id`, `gender`, `birthday`, `photo_id`, `status_id`, `city`, `country_id`, `created_at`, `updated_at`) VALUES (51, 'a', '2015-05-29', 7, 1, 'Rolfsonfurt', 1, '1979-08-21 10:01:02', '1987-05-01 04:28:02');
INSERT INTO `profiles` (`user_id`, `gender`, `birthday`, `photo_id`, `status_id`, `city`, `country_id`, `created_at`, `updated_at`) VALUES (52, 'd', '2014-05-26', 6, 1, 'Phoebeville', 1, '1973-09-10 10:24:22', '1987-04-25 16:23:20');
INSERT INTO `profiles` (`user_id`, `gender`, `birthday`, `photo_id`, `status_id`, `city`, `country_id`, `created_at`, `updated_at`) VALUES (53, 'o', '1970-02-22', 8, 1, 'Prosaccobury', 5, '1993-12-31 20:35:39', '1993-02-17 21:15:05');
INSERT INTO `profiles` (`user_id`, `gender`, `birthday`, `photo_id`, `status_id`, `city`, `country_id`, `created_at`, `updated_at`) VALUES (54, 'u', '1972-12-18', 8, 0, 'South Daniella', 2, '2008-04-01 19:16:24', '1984-12-25 16:21:19');
INSERT INTO `profiles` (`user_id`, `gender`, `birthday`, `photo_id`, `status_id`, `city`, `country_id`, `created_at`, `updated_at`) VALUES (55, 'e', '2010-04-20', 2, 3, 'East Ceceliastad', 0, '1991-01-31 12:20:47', '2003-05-23 20:27:14');
INSERT INTO `profiles` (`user_id`, `gender`, `birthday`, `photo_id`, `status_id`, `city`, `country_id`, `created_at`, `updated_at`) VALUES (56, 'b', '1981-08-24', 3, 0, 'New Maybellside', 5, '1984-12-12 05:34:46', '1975-10-12 07:50:58');
INSERT INTO `profiles` (`user_id`, `gender`, `birthday`, `photo_id`, `status_id`, `city`, `country_id`, `created_at`, `updated_at`) VALUES (57, 'e', '1998-10-19', 4, 2, 'South Averybury', 4, '2018-06-30 01:47:02', '1993-10-14 03:14:40');
INSERT INTO `profiles` (`user_id`, `gender`, `birthday`, `photo_id`, `status_id`, `city`, `country_id`, `created_at`, `updated_at`) VALUES (58, 'i', '2017-02-08', 9, 2, 'West Ignacio', 2, '2008-07-19 00:19:21', '1986-11-03 06:47:52');
INSERT INTO `profiles` (`user_id`, `gender`, `birthday`, `photo_id`, `status_id`, `city`, `country_id`, `created_at`, `updated_at`) VALUES (59, 'e', '2004-09-20', 1, 2, 'Cormierchester', 0, '1979-10-31 01:01:14', '1976-11-03 08:20:57');
INSERT INTO `profiles` (`user_id`, `gender`, `birthday`, `photo_id`, `status_id`, `city`, `country_id`, `created_at`, `updated_at`) VALUES (60, 'e', '1992-09-13', 5, 1, 'Lake Uniqueborough', 2, '2009-05-07 03:04:54', '1970-06-28 03:26:17');
INSERT INTO `profiles` (`user_id`, `gender`, `birthday`, `photo_id`, `status_id`, `city`, `country_id`, `created_at`, `updated_at`) VALUES (61, 'r', '1986-04-24', 7, 3, 'North Eve', 2, '2014-12-04 07:20:55', '2018-05-14 21:01:20');
INSERT INTO `profiles` (`user_id`, `gender`, `birthday`, `photo_id`, `status_id`, `city`, `country_id`, `created_at`, `updated_at`) VALUES (62, 'l', '2011-01-05', 3, 0, 'Jaredside', 2, '1999-11-14 11:42:33', '2014-01-13 09:14:01');
INSERT INTO `profiles` (`user_id`, `gender`, `birthday`, `photo_id`, `status_id`, `city`, `country_id`, `created_at`, `updated_at`) VALUES (63, 'a', '2020-11-17', 5, 1, 'New Hazle', 1, '2000-08-09 11:49:06', '2007-03-08 13:26:49');
INSERT INTO `profiles` (`user_id`, `gender`, `birthday`, `photo_id`, `status_id`, `city`, `country_id`, `created_at`, `updated_at`) VALUES (64, 'n', '1996-03-23', 2, 2, 'North Taya', 3, '1996-10-26 13:49:15', '1977-05-06 15:14:33');
INSERT INTO `profiles` (`user_id`, `gender`, `birthday`, `photo_id`, `status_id`, `city`, `country_id`, `created_at`, `updated_at`) VALUES (65, 'c', '1975-04-23', 2, 3, 'East Kyleigh', 4, '1993-12-01 22:41:59', '1984-03-13 05:24:20');
INSERT INTO `profiles` (`user_id`, `gender`, `birthday`, `photo_id`, `status_id`, `city`, `country_id`, `created_at`, `updated_at`) VALUES (66, 'e', '2019-12-27', 2, 3, 'Lake Kevenmouth', 7, '1997-06-13 15:50:41', '1989-10-11 02:13:35');
INSERT INTO `profiles` (`user_id`, `gender`, `birthday`, `photo_id`, `status_id`, `city`, `country_id`, `created_at`, `updated_at`) VALUES (67, 'm', '2013-06-29', 2, 0, 'West Raegan', 10, '1999-04-07 20:46:04', '1999-02-19 17:16:23');
INSERT INTO `profiles` (`user_id`, `gender`, `birthday`, `photo_id`, `status_id`, `city`, `country_id`, `created_at`, `updated_at`) VALUES (68, 'v', '1983-02-05', 7, 2, 'South Drake', 7, '2010-08-13 09:24:58', '1989-03-08 09:40:24');
INSERT INTO `profiles` (`user_id`, `gender`, `birthday`, `photo_id`, `status_id`, `city`, `country_id`, `created_at`, `updated_at`) VALUES (69, 'v', '2008-05-31', 7, 1, 'North Aniya', 8, '1975-02-16 20:48:17', '1984-12-22 13:46:34');
INSERT INTO `profiles` (`user_id`, `gender`, `birthday`, `photo_id`, `status_id`, `city`, `country_id`, `created_at`, `updated_at`) VALUES (70, 'v', '2006-01-10', 4, 3, 'Kingmouth', 6, '2009-08-16 00:26:21', '2013-08-28 14:00:50');
INSERT INTO `profiles` (`user_id`, `gender`, `birthday`, `photo_id`, `status_id`, `city`, `country_id`, `created_at`, `updated_at`) VALUES (71, 'q', '2006-11-01', 4, 0, 'Darbyfurt', 8, '2013-08-23 00:03:05', '1986-07-28 18:09:35');
INSERT INTO `profiles` (`user_id`, `gender`, `birthday`, `photo_id`, `status_id`, `city`, `country_id`, `created_at`, `updated_at`) VALUES (72, 'q', '2018-09-12', 7, 3, 'East Charlene', 9, '2007-11-03 16:10:16', '1998-07-12 01:15:31');
INSERT INTO `profiles` (`user_id`, `gender`, `birthday`, `photo_id`, `status_id`, `city`, `country_id`, `created_at`, `updated_at`) VALUES (73, 'v', '2002-12-25', 6, 2, 'Sauerbury', 4, '2017-04-30 15:34:15', '1970-05-19 07:10:57');
INSERT INTO `profiles` (`user_id`, `gender`, `birthday`, `photo_id`, `status_id`, `city`, `country_id`, `created_at`, `updated_at`) VALUES (74, 'e', '2003-04-10', 3, 3, 'Medhurstchester', 5, '2001-01-21 13:43:27', '1972-05-14 10:32:33');
INSERT INTO `profiles` (`user_id`, `gender`, `birthday`, `photo_id`, `status_id`, `city`, `country_id`, `created_at`, `updated_at`) VALUES (75, 'v', '2008-12-30', 8, 1, 'Rolandoside', 5, '2013-04-15 04:30:01', '2011-11-25 13:17:33');
INSERT INTO `profiles` (`user_id`, `gender`, `birthday`, `photo_id`, `status_id`, `city`, `country_id`, `created_at`, `updated_at`) VALUES (76, 't', '2007-08-16', 6, 0, 'Rennerstad', 6, '2000-10-08 13:04:00', '1998-07-07 16:24:25');
INSERT INTO `profiles` (`user_id`, `gender`, `birthday`, `photo_id`, `status_id`, `city`, `country_id`, `created_at`, `updated_at`) VALUES (77, 'i', '2003-01-26', 1, 2, 'Wiegandfurt', 2, '1987-09-14 18:35:06', '1996-06-25 02:46:04');
INSERT INTO `profiles` (`user_id`, `gender`, `birthday`, `photo_id`, `status_id`, `city`, `country_id`, `created_at`, `updated_at`) VALUES (78, 's', '2006-05-17', 4, 1, 'Jeremyview', 7, '2005-09-15 03:53:54', '2019-12-16 21:38:04');
INSERT INTO `profiles` (`user_id`, `gender`, `birthday`, `photo_id`, `status_id`, `city`, `country_id`, `created_at`, `updated_at`) VALUES (79, 'l', '1977-01-03', 7, 3, 'Ilastad', 0, '2016-04-10 23:40:50', '2011-03-14 17:19:54');
INSERT INTO `profiles` (`user_id`, `gender`, `birthday`, `photo_id`, `status_id`, `city`, `country_id`, `created_at`, `updated_at`) VALUES (80, 'r', '1987-04-03', 0, 3, 'West Aylinberg', 3, '1995-04-03 02:31:16', '1977-02-28 19:27:07');
INSERT INTO `profiles` (`user_id`, `gender`, `birthday`, `photo_id`, `status_id`, `city`, `country_id`, `created_at`, `updated_at`) VALUES (81, 'm', '1973-11-06', 2, 2, 'New Jalenborough', 3, '1995-12-26 06:25:00', '2012-06-20 21:05:02');
INSERT INTO `profiles` (`user_id`, `gender`, `birthday`, `photo_id`, `status_id`, `city`, `country_id`, `created_at`, `updated_at`) VALUES (82, 'b', '1997-12-18', 9, 1, 'West Sallie', 5, '1987-12-05 12:51:52', '2005-07-10 04:59:51');
INSERT INTO `profiles` (`user_id`, `gender`, `birthday`, `photo_id`, `status_id`, `city`, `country_id`, `created_at`, `updated_at`) VALUES (83, 'v', '2016-05-29', 9, 3, 'Marksport', 5, '1993-04-23 22:37:13', '2010-04-07 08:56:35');
INSERT INTO `profiles` (`user_id`, `gender`, `birthday`, `photo_id`, `status_id`, `city`, `country_id`, `created_at`, `updated_at`) VALUES (84, 'e', '1987-04-20', 5, 3, 'North Lonnybury', 0, '1978-10-30 13:43:49', '2019-09-16 00:15:29');
INSERT INTO `profiles` (`user_id`, `gender`, `birthday`, `photo_id`, `status_id`, `city`, `country_id`, `created_at`, `updated_at`) VALUES (85, 'e', '1973-10-21', 3, 0, 'South Felipachester', 0, '1975-07-19 18:18:47', '1998-05-06 08:38:54');
INSERT INTO `profiles` (`user_id`, `gender`, `birthday`, `photo_id`, `status_id`, `city`, `country_id`, `created_at`, `updated_at`) VALUES (86, 'n', '1993-08-22', 0, 3, 'Mannland', 2, '2019-11-08 11:39:01', '1981-07-27 00:37:08');
INSERT INTO `profiles` (`user_id`, `gender`, `birthday`, `photo_id`, `status_id`, `city`, `country_id`, `created_at`, `updated_at`) VALUES (87, 'h', '1978-10-27', 1, 0, 'Stammland', 7, '2001-09-15 07:25:22', '1978-08-26 10:02:15');
INSERT INTO `profiles` (`user_id`, `gender`, `birthday`, `photo_id`, `status_id`, `city`, `country_id`, `created_at`, `updated_at`) VALUES (88, 'c', '1976-10-23', 7, 0, 'South Gayle', 4, '2001-01-15 14:42:31', '2016-11-12 10:53:18');
INSERT INTO `profiles` (`user_id`, `gender`, `birthday`, `photo_id`, `status_id`, `city`, `country_id`, `created_at`, `updated_at`) VALUES (89, 'i', '1987-01-13', 9, 0, 'East Bethport', 10, '1983-04-19 10:02:01', '2019-03-13 06:49:02');
INSERT INTO `profiles` (`user_id`, `gender`, `birthday`, `photo_id`, `status_id`, `city`, `country_id`, `created_at`, `updated_at`) VALUES (90, 'e', '1993-05-02', 1, 0, 'Lake Evans', 3, '1975-06-12 10:18:17', '1987-01-24 23:38:33');
INSERT INTO `profiles` (`user_id`, `gender`, `birthday`, `photo_id`, `status_id`, `city`, `country_id`, `created_at`, `updated_at`) VALUES (91, 'c', '2013-02-06', 7, 0, 'Alessandrahaven', 2, '1986-01-16 17:28:39', '1985-04-24 02:35:13');
INSERT INTO `profiles` (`user_id`, `gender`, `birthday`, `photo_id`, `status_id`, `city`, `country_id`, `created_at`, `updated_at`) VALUES (92, 'r', '2006-10-28', 6, 3, 'Alexandrinemouth', 4, '2006-04-06 07:35:51', '1999-02-10 16:01:31');
INSERT INTO `profiles` (`user_id`, `gender`, `birthday`, `photo_id`, `status_id`, `city`, `country_id`, `created_at`, `updated_at`) VALUES (93, 'o', '2020-06-28', 4, 1, 'North Beulah', 9, '2015-11-04 10:08:26', '1989-03-09 06:57:53');
INSERT INTO `profiles` (`user_id`, `gender`, `birthday`, `photo_id`, `status_id`, `city`, `country_id`, `created_at`, `updated_at`) VALUES (94, 'r', '2008-11-09', 3, 3, 'Billyview', 5, '1993-09-19 14:50:44', '2005-11-19 12:12:59');
INSERT INTO `profiles` (`user_id`, `gender`, `birthday`, `photo_id`, `status_id`, `city`, `country_id`, `created_at`, `updated_at`) VALUES (95, 'e', '1988-08-28', 9, 1, 'Carolemouth', 1, '1999-07-03 20:33:21', '1987-10-26 03:14:23');
INSERT INTO `profiles` (`user_id`, `gender`, `birthday`, `photo_id`, `status_id`, `city`, `country_id`, `created_at`, `updated_at`) VALUES (96, 'c', '1996-03-17', 9, 0, 'West Lilian', 4, '2019-12-06 16:31:24', '1975-01-08 22:48:57');
INSERT INTO `profiles` (`user_id`, `gender`, `birthday`, `photo_id`, `status_id`, `city`, `country_id`, `created_at`, `updated_at`) VALUES (97, 'c', '1984-12-31', 9, 0, 'Bernadettemouth', 8, '1981-08-03 05:31:17', '2014-02-20 18:15:43');
INSERT INTO `profiles` (`user_id`, `gender`, `birthday`, `photo_id`, `status_id`, `city`, `country_id`, `created_at`, `updated_at`) VALUES (98, 'i', '2005-06-08', 0, 0, 'Doylemouth', 5, '1982-12-30 07:44:07', '2009-10-31 00:04:41');
INSERT INTO `profiles` (`user_id`, `gender`, `birthday`, `photo_id`, `status_id`, `city`, `country_id`, `created_at`, `updated_at`) VALUES (99, 'q', '2000-10-03', 1, 0, 'East Nellaview', 8, '1992-04-22 07:36:40', '2020-01-24 08:12:05');
INSERT INTO `profiles` (`user_id`, `gender`, `birthday`, `photo_id`, `status_id`, `city`, `country_id`, `created_at`, `updated_at`) VALUES (100, 'i', '2007-06-07', 7, 1, 'Shyannhaven', 1, '2001-06-26 21:09:23', '2002-03-01 20:35:24');


#
# TABLE STRUCTURE FOR: users
#

DROP TABLE IF EXISTS `users`;

CREATE TABLE `users` (
  `id` int(10) unsigned NOT NULL AUTO_INCREMENT COMMENT 'Идентификатор строки',
  `first_name` varchar(100) COLLATE utf8_unicode_ci NOT NULL COMMENT 'Имя пользователя',
  `last_name` varchar(100) COLLATE utf8_unicode_ci NOT NULL COMMENT 'Фамилия пользователя',
  `email` varchar(100) COLLATE utf8_unicode_ci NOT NULL COMMENT 'Почта',
  `phone` varchar(100) COLLATE utf8_unicode_ci NOT NULL COMMENT 'Телефон',
  `created_at` datetime NOT NULL DEFAULT current_timestamp() COMMENT 'Время создания строки',
  `updated_at` datetime DEFAULT current_timestamp() ON UPDATE current_timestamp() COMMENT 'Время обновления строки',
  PRIMARY KEY (`id`),
  UNIQUE KEY `email` (`email`),
  UNIQUE KEY `phone` (`phone`)
) ENGINE=InnoDB AUTO_INCREMENT=201 DEFAULT CHARSET=utf8 COLLATE=utf8_unicode_ci COMMENT='Пользователи';

INSERT INTO `users` (`id`, `first_name`, `last_name`, `email`, `phone`, `created_at`, `updated_at`) VALUES (1, 'Reyes', 'Swift', 'jamarcus50@example.com', '1-998-310-4194', '1997-03-21 00:00:00', '2007-11-26 00:00:00');
INSERT INTO `users` (`id`, `first_name`, `last_name`, `email`, `phone`, `created_at`, `updated_at`) VALUES (2, 'Raoul', 'Hand', 'nwiegand@example.org', '190-152-4216x6035', '1975-07-05 00:00:00', '2012-07-04 00:00:00');
INSERT INTO `users` (`id`, `first_name`, `last_name`, `email`, `phone`, `created_at`, `updated_at`) VALUES (3, 'Annette', 'Nolan', 'miller.grant@example.org', '656.197.9594x88986', '2013-09-05 00:00:00', '2011-03-15 00:00:00');
INSERT INTO `users` (`id`, `first_name`, `last_name`, `email`, `phone`, `created_at`, `updated_at`) VALUES (4, 'Moses', 'Marvin', 'dkassulke@example.com', '841-937-4628x084', '2002-07-05 00:00:00', '1970-04-13 00:00:00');
INSERT INTO `users` (`id`, `first_name`, `last_name`, `email`, `phone`, `created_at`, `updated_at`) VALUES (5, 'Omer', 'Heidenreich', 'maryse.kirlin@example.net', '251-376-3987x60257', '2017-02-17 00:00:00', '1977-02-28 00:00:00');
INSERT INTO `users` (`id`, `first_name`, `last_name`, `email`, `phone`, `created_at`, `updated_at`) VALUES (6, 'Lon', 'Little', 'rhowell@example.com', '1-927-723-5808x00696', '1990-10-16 00:00:00', '2005-12-25 00:00:00');
INSERT INTO `users` (`id`, `first_name`, `last_name`, `email`, `phone`, `created_at`, `updated_at`) VALUES (7, 'Kaylee', 'Kautzer', 'shaina06@example.net', '112-907-8970', '2000-06-05 00:00:00', '2003-04-20 00:00:00');
INSERT INTO `users` (`id`, `first_name`, `last_name`, `email`, `phone`, `created_at`, `updated_at`) VALUES (8, 'Tommie', 'Hauck', 'willms.amira@example.com', '784-491-0290x145', '1999-03-25 00:00:00', '1987-12-08 00:00:00');
INSERT INTO `users` (`id`, `first_name`, `last_name`, `email`, `phone`, `created_at`, `updated_at`) VALUES (9, 'Caleigh', 'Goodwin', 'hammes.tressa@example.net', '1-006-256-7467x647', '2006-03-08 00:00:00', '2016-08-24 00:00:00');
INSERT INTO `users` (`id`, `first_name`, `last_name`, `email`, `phone`, `created_at`, `updated_at`) VALUES (10, 'Ella', 'Collins', 'josianne21@example.com', '708.545.7688', '1992-12-07 00:00:00', '2019-04-26 00:00:00');
INSERT INTO `users` (`id`, `first_name`, `last_name`, `email`, `phone`, `created_at`, `updated_at`) VALUES (11, 'Jedediah', 'Beier', 'albina.marvin@example.net', '07080781605', '2015-09-21 00:00:00', '1987-07-18 00:00:00');
INSERT INTO `users` (`id`, `first_name`, `last_name`, `email`, `phone`, `created_at`, `updated_at`) VALUES (12, 'Karine', 'Bauch', 'sschmitt@example.net', '(863)512-5284x2221', '2004-05-01 00:00:00', '1999-01-23 00:00:00');
INSERT INTO `users` (`id`, `first_name`, `last_name`, `email`, `phone`, `created_at`, `updated_at`) VALUES (13, 'Mariana', 'Hackett', 'stoltenberg.tiana@example.net', '+81(0)4296036376', '1972-03-15 00:00:00', '2007-10-05 00:00:00');
INSERT INTO `users` (`id`, `first_name`, `last_name`, `email`, `phone`, `created_at`, `updated_at`) VALUES (14, 'Carmelo', 'Ullrich', 'keven78@example.net', '108.336.5887x876', '2016-12-29 00:00:00', '1998-05-25 00:00:00');
INSERT INTO `users` (`id`, `first_name`, `last_name`, `email`, `phone`, `created_at`, `updated_at`) VALUES (15, 'Thora', 'Schulist', 'legros.sarah@example.org', '(064)778-5815x5802', '2002-11-30 00:00:00', '2009-01-14 00:00:00');
INSERT INTO `users` (`id`, `first_name`, `last_name`, `email`, `phone`, `created_at`, `updated_at`) VALUES (16, 'Brandt', 'Green', 'oral.heaney@example.net', '248-704-9014x56368', '2012-09-14 00:00:00', '2002-01-13 00:00:00');
INSERT INTO `users` (`id`, `first_name`, `last_name`, `email`, `phone`, `created_at`, `updated_at`) VALUES (17, 'Raphael', 'Ferry', 'rosetta98@example.net', '1-183-057-2116', '1977-06-24 00:00:00', '2000-04-04 00:00:00');
INSERT INTO `users` (`id`, `first_name`, `last_name`, `email`, `phone`, `created_at`, `updated_at`) VALUES (18, 'Delilah', 'Beahan', 'evangeline.ondricka@example.org', '101.477.9591x0985', '1985-02-06 00:00:00', '1991-12-01 00:00:00');
INSERT INTO `users` (`id`, `first_name`, `last_name`, `email`, `phone`, `created_at`, `updated_at`) VALUES (19, 'Adrienne', 'Schiller', 'simonis.corene@example.net', '156-212-2031x430', '1979-05-18 00:00:00', '1978-01-09 00:00:00');
INSERT INTO `users` (`id`, `first_name`, `last_name`, `email`, `phone`, `created_at`, `updated_at`) VALUES (20, 'Macey', 'Lubowitz', 'citlalli.schaden@example.org', '937.670.4279', '1976-01-20 00:00:00', '1982-12-03 00:00:00');
INSERT INTO `users` (`id`, `first_name`, `last_name`, `email`, `phone`, `created_at`, `updated_at`) VALUES (21, 'Madaline', 'Pollich', 'arlie55@example.org', '003-189-7359x457', '1988-08-03 00:00:00', '2017-05-28 00:00:00');
INSERT INTO `users` (`id`, `first_name`, `last_name`, `email`, `phone`, `created_at`, `updated_at`) VALUES (22, 'Brionna', 'Beier', 'mkuvalis@example.com', '1-050-449-7281x6110', '2008-08-22 00:00:00', '1981-09-09 00:00:00');
INSERT INTO `users` (`id`, `first_name`, `last_name`, `email`, `phone`, `created_at`, `updated_at`) VALUES (23, 'Dariana', 'Blanda', 'florian84@example.net', '161-786-3601x69810', '1998-12-06 00:00:00', '2006-06-29 00:00:00');
INSERT INTO `users` (`id`, `first_name`, `last_name`, `email`, `phone`, `created_at`, `updated_at`) VALUES (24, 'Rosalinda', 'Herman', 'khomenick@example.org', '217.954.6640x3218', '1971-06-16 00:00:00', '1972-11-15 00:00:00');
INSERT INTO `users` (`id`, `first_name`, `last_name`, `email`, `phone`, `created_at`, `updated_at`) VALUES (25, 'Emery', 'Mills', 'wuckert.bridgette@example.com', '(690)820-3452x8577', '1992-05-30 00:00:00', '2006-03-17 00:00:00');
INSERT INTO `users` (`id`, `first_name`, `last_name`, `email`, `phone`, `created_at`, `updated_at`) VALUES (26, 'Emily', 'Ruecker', 'lindsey49@example.net', '01628121116', '2016-08-23 00:00:00', '2017-10-19 00:00:00');
INSERT INTO `users` (`id`, `first_name`, `last_name`, `email`, `phone`, `created_at`, `updated_at`) VALUES (27, 'Macie', 'Schowalter', 'josephine.lynch@example.org', '(117)574-5885', '1978-09-22 00:00:00', '1978-12-26 00:00:00');
INSERT INTO `users` (`id`, `first_name`, `last_name`, `email`, `phone`, `created_at`, `updated_at`) VALUES (28, 'Ottilie', 'Sanford', 'cheyanne93@example.net', '(282)101-7185x5943', '1973-06-11 00:00:00', '1977-09-24 00:00:00');
INSERT INTO `users` (`id`, `first_name`, `last_name`, `email`, `phone`, `created_at`, `updated_at`) VALUES (29, 'Edwina', 'Schultz', 'streich.noe@example.org', '01475312359', '2015-12-25 00:00:00', '1988-12-24 00:00:00');
INSERT INTO `users` (`id`, `first_name`, `last_name`, `email`, `phone`, `created_at`, `updated_at`) VALUES (30, 'Jerrod', 'Runte', 'maureen29@example.org', '481-981-7940', '1980-11-06 00:00:00', '2001-09-03 00:00:00');
INSERT INTO `users` (`id`, `first_name`, `last_name`, `email`, `phone`, `created_at`, `updated_at`) VALUES (31, 'Maureen', 'Deckow', 'cdibbert@example.net', '(439)066-4940x53800', '1980-02-29 00:00:00', '2008-08-19 00:00:00');
INSERT INTO `users` (`id`, `first_name`, `last_name`, `email`, `phone`, `created_at`, `updated_at`) VALUES (32, 'Ronny', 'Dickinson', 'homenick.georgette@example.org', '708.679.5594x8808', '2008-10-11 00:00:00', '1981-09-24 00:00:00');
INSERT INTO `users` (`id`, `first_name`, `last_name`, `email`, `phone`, `created_at`, `updated_at`) VALUES (33, 'Emery', 'Blick', 'klein.melisa@example.net', '(331)394-5488', '1997-06-16 00:00:00', '1984-10-25 00:00:00');
INSERT INTO `users` (`id`, `first_name`, `last_name`, `email`, `phone`, `created_at`, `updated_at`) VALUES (34, 'Dortha', 'Ebert', 'alisha20@example.net', '550-473-6303', '1977-10-16 00:00:00', '1974-10-19 00:00:00');
INSERT INTO `users` (`id`, `first_name`, `last_name`, `email`, `phone`, `created_at`, `updated_at`) VALUES (35, 'Mollie', 'Collier', 'schoen.meredith@example.net', '975.494.7303x23576', '1990-10-24 00:00:00', '2014-04-24 00:00:00');
INSERT INTO `users` (`id`, `first_name`, `last_name`, `email`, `phone`, `created_at`, `updated_at`) VALUES (36, 'Henry', 'Weber', 'lkilback@example.net', '+49(9)3849189680', '2012-03-11 00:00:00', '2007-01-27 00:00:00');
INSERT INTO `users` (`id`, `first_name`, `last_name`, `email`, `phone`, `created_at`, `updated_at`) VALUES (37, 'Valentin', 'Gerhold', 'obotsford@example.org', '01660405668', '1999-05-21 00:00:00', '1982-04-26 00:00:00');
INSERT INTO `users` (`id`, `first_name`, `last_name`, `email`, `phone`, `created_at`, `updated_at`) VALUES (38, 'Cortney', 'Stracke', 'lkuhlman@example.com', '1-047-939-3013x6682', '2003-04-03 00:00:00', '1993-04-29 00:00:00');
INSERT INTO `users` (`id`, `first_name`, `last_name`, `email`, `phone`, `created_at`, `updated_at`) VALUES (39, 'Anabelle', 'Feeney', 'batz.emmy@example.com', '117.742.0991x4347', '1983-10-23 00:00:00', '2000-07-08 00:00:00');
INSERT INTO `users` (`id`, `first_name`, `last_name`, `email`, `phone`, `created_at`, `updated_at`) VALUES (40, 'Emile', 'Kerluke', 'paris.larkin@example.org', '782.432.9628', '2018-01-13 00:00:00', '1979-03-01 00:00:00');
INSERT INTO `users` (`id`, `first_name`, `last_name`, `email`, `phone`, `created_at`, `updated_at`) VALUES (41, 'Bria', 'Aufderhar', 'crist.gabe@example.org', '(678)216-5057', '1974-03-06 00:00:00', '1971-12-13 00:00:00');
INSERT INTO `users` (`id`, `first_name`, `last_name`, `email`, `phone`, `created_at`, `updated_at`) VALUES (42, 'Caroline', 'Reilly', 'wabbott@example.com', '318-969-2017x560', '2003-03-31 00:00:00', '1990-10-14 00:00:00');
INSERT INTO `users` (`id`, `first_name`, `last_name`, `email`, `phone`, `created_at`, `updated_at`) VALUES (43, 'Vita', 'Gulgowski', 'catharine.predovic@example.org', '+35(6)9897542135', '2010-11-30 00:00:00', '2010-07-24 00:00:00');
INSERT INTO `users` (`id`, `first_name`, `last_name`, `email`, `phone`, `created_at`, `updated_at`) VALUES (44, 'Imelda', 'Mertz', 'emely27@example.com', '1-549-412-8498x6230', '1998-11-13 00:00:00', '1999-05-10 00:00:00');
INSERT INTO `users` (`id`, `first_name`, `last_name`, `email`, `phone`, `created_at`, `updated_at`) VALUES (45, 'Jeremie', 'Konopelski', 'sydni.rosenbaum@example.net', '(403)480-7322x063', '1970-10-03 00:00:00', '1979-11-23 00:00:00');
INSERT INTO `users` (`id`, `first_name`, `last_name`, `email`, `phone`, `created_at`, `updated_at`) VALUES (46, 'Rita', 'Hartmann', 'gkuhic@example.com', '627-643-5438', '1985-12-31 00:00:00', '1974-02-08 00:00:00');
INSERT INTO `users` (`id`, `first_name`, `last_name`, `email`, `phone`, `created_at`, `updated_at`) VALUES (47, 'Patrick', 'O\'Connell', 'victoria.johns@example.org', '773-605-0251x9828', '1993-04-26 00:00:00', '2009-07-02 00:00:00');
INSERT INTO `users` (`id`, `first_name`, `last_name`, `email`, `phone`, `created_at`, `updated_at`) VALUES (48, 'Abner', 'Grant', 'cgaylord@example.com', '1-838-727-6304x8654', '1992-06-22 00:00:00', '2002-10-11 00:00:00');
INSERT INTO `users` (`id`, `first_name`, `last_name`, `email`, `phone`, `created_at`, `updated_at`) VALUES (49, 'Emilie', 'Welch', 'paula.veum@example.net', '1-761-733-1585', '2005-10-22 00:00:00', '1995-09-28 00:00:00');
INSERT INTO `users` (`id`, `first_name`, `last_name`, `email`, `phone`, `created_at`, `updated_at`) VALUES (50, 'Angela', 'Wolff', 'major.corkery@example.org', '(476)760-6151', '1995-09-17 00:00:00', '1994-12-16 00:00:00');
INSERT INTO `users` (`id`, `first_name`, `last_name`, `email`, `phone`, `created_at`, `updated_at`) VALUES (51, 'Kailee', 'Smitham', 'strosin.elouise@example.org', '596-984-5001x331', '1992-01-18 00:00:00', '1989-05-09 00:00:00');
INSERT INTO `users` (`id`, `first_name`, `last_name`, `email`, `phone`, `created_at`, `updated_at`) VALUES (52, 'Hiram', 'Mayert', 'mayer.isac@example.com', '(942)911-9887', '1974-06-18 00:00:00', '2002-05-03 00:00:00');
INSERT INTO `users` (`id`, `first_name`, `last_name`, `email`, `phone`, `created_at`, `updated_at`) VALUES (53, 'Helena', 'Monahan', 'orpha.hermiston@example.org', '1-248-432-7671x8744', '1985-10-01 00:00:00', '2003-03-26 00:00:00');
INSERT INTO `users` (`id`, `first_name`, `last_name`, `email`, `phone`, `created_at`, `updated_at`) VALUES (54, 'Jacquelyn', 'Haley', 'steuber.cecile@example.org', '687.509.1255', '2011-11-05 00:00:00', '1973-03-19 00:00:00');
INSERT INTO `users` (`id`, `first_name`, `last_name`, `email`, `phone`, `created_at`, `updated_at`) VALUES (55, 'Abe', 'Smitham', 'wilhelmine30@example.net', '264-005-4501x957', '2016-10-15 00:00:00', '1970-05-13 00:00:00');
INSERT INTO `users` (`id`, `first_name`, `last_name`, `email`, `phone`, `created_at`, `updated_at`) VALUES (56, 'Constance', 'Bednar', 'fmonahan@example.org', '1-585-168-5620x536', '1978-03-03 00:00:00', '1978-12-31 00:00:00');
INSERT INTO `users` (`id`, `first_name`, `last_name`, `email`, `phone`, `created_at`, `updated_at`) VALUES (57, 'Rebeca', 'Blanda', 'kdeckow@example.com', '005-286-0326x999', '1986-07-24 00:00:00', '1984-04-03 00:00:00');
INSERT INTO `users` (`id`, `first_name`, `last_name`, `email`, `phone`, `created_at`, `updated_at`) VALUES (58, 'Melisa', 'Kling', 'ambrose.gusikowski@example.org', '818.313.0042x9630', '1982-05-10 00:00:00', '1994-10-18 00:00:00');
INSERT INTO `users` (`id`, `first_name`, `last_name`, `email`, `phone`, `created_at`, `updated_at`) VALUES (59, 'Penelope', 'Harvey', 'olemke@example.net', '106-809-5908x075', '1981-08-14 00:00:00', '1978-01-04 00:00:00');
INSERT INTO `users` (`id`, `first_name`, `last_name`, `email`, `phone`, `created_at`, `updated_at`) VALUES (60, 'Ora', 'Bernhard', 'mccullough.adonis@example.org', '1-790-522-8429x147', '1986-12-12 00:00:00', '1973-12-15 00:00:00');
INSERT INTO `users` (`id`, `first_name`, `last_name`, `email`, `phone`, `created_at`, `updated_at`) VALUES (61, 'Alvina', 'Kreiger', 'jschmitt@example.net', '(710)502-0673x991', '2012-08-24 00:00:00', '1981-11-05 00:00:00');
INSERT INTO `users` (`id`, `first_name`, `last_name`, `email`, `phone`, `created_at`, `updated_at`) VALUES (62, 'Valentin', 'Howell', 'sandy.lemke@example.com', '666-134-0970', '1990-05-20 00:00:00', '2002-09-27 00:00:00');
INSERT INTO `users` (`id`, `first_name`, `last_name`, `email`, `phone`, `created_at`, `updated_at`) VALUES (63, 'Zoie', 'Langworth', 'giles61@example.net', '(578)178-0669x648', '1997-10-13 00:00:00', '2001-01-22 00:00:00');
INSERT INTO `users` (`id`, `first_name`, `last_name`, `email`, `phone`, `created_at`, `updated_at`) VALUES (64, 'Augustus', 'Simonis', 'elnora.grady@example.net', '(828)473-2219', '1970-01-23 00:00:00', '2008-12-29 00:00:00');
INSERT INTO `users` (`id`, `first_name`, `last_name`, `email`, `phone`, `created_at`, `updated_at`) VALUES (65, 'Janiya', 'Conroy', 'reyna.shields@example.com', '+59(7)6467889593', '1980-10-20 00:00:00', '1976-10-14 00:00:00');
INSERT INTO `users` (`id`, `first_name`, `last_name`, `email`, `phone`, `created_at`, `updated_at`) VALUES (66, 'Lily', 'Bergnaum', 'maximus75@example.com', '470.368.6181', '1997-02-05 00:00:00', '2003-03-27 00:00:00');
INSERT INTO `users` (`id`, `first_name`, `last_name`, `email`, `phone`, `created_at`, `updated_at`) VALUES (67, 'Jules', 'Nienow', 'aadams@example.net', '440.552.4124x89322', '1981-10-07 00:00:00', '2008-10-01 00:00:00');
INSERT INTO `users` (`id`, `first_name`, `last_name`, `email`, `phone`, `created_at`, `updated_at`) VALUES (68, 'Columbus', 'Beer', 'flavie95@example.net', '425-408-9363x110', '2003-03-24 00:00:00', '1994-01-18 00:00:00');
INSERT INTO `users` (`id`, `first_name`, `last_name`, `email`, `phone`, `created_at`, `updated_at`) VALUES (69, 'Sonia', 'Lindgren', 'suzanne.trantow@example.org', '(332)463-4237x085', '2007-07-18 00:00:00', '1996-11-11 00:00:00');
INSERT INTO `users` (`id`, `first_name`, `last_name`, `email`, `phone`, `created_at`, `updated_at`) VALUES (70, 'Loraine', 'Stamm', 'guiseppe98@example.net', '(888)339-6846x16710', '1988-05-12 00:00:00', '1987-11-11 00:00:00');
INSERT INTO `users` (`id`, `first_name`, `last_name`, `email`, `phone`, `created_at`, `updated_at`) VALUES (71, 'Cindy', 'Larson', 'guadalupe52@example.org', '1-714-122-3010x01111', '1979-10-01 00:00:00', '1995-09-26 00:00:00');
INSERT INTO `users` (`id`, `first_name`, `last_name`, `email`, `phone`, `created_at`, `updated_at`) VALUES (72, 'Earnest', 'Kerluke', 'regan85@example.org', '219.279.0570', '1994-08-31 00:00:00', '2005-03-31 00:00:00');
INSERT INTO `users` (`id`, `first_name`, `last_name`, `email`, `phone`, `created_at`, `updated_at`) VALUES (73, 'Jennifer', 'Borer', 'casimir.osinski@example.com', '00094125839', '2006-09-16 00:00:00', '1990-04-22 00:00:00');
INSERT INTO `users` (`id`, `first_name`, `last_name`, `email`, `phone`, `created_at`, `updated_at`) VALUES (74, 'Tobin', 'Kozey', 'hilario07@example.net', '(135)395-0418', '2003-11-18 00:00:00', '1986-06-14 00:00:00');
INSERT INTO `users` (`id`, `first_name`, `last_name`, `email`, `phone`, `created_at`, `updated_at`) VALUES (75, 'Emelia', 'Marvin', 'oheaney@example.net', '03362741973', '1994-10-13 00:00:00', '1999-09-21 00:00:00');
INSERT INTO `users` (`id`, `first_name`, `last_name`, `email`, `phone`, `created_at`, `updated_at`) VALUES (76, 'Dangelo', 'VonRueden', 'pfeffer.erna@example.org', '+22(8)4896579737', '2018-11-01 00:00:00', '1977-06-08 00:00:00');
INSERT INTO `users` (`id`, `first_name`, `last_name`, `email`, `phone`, `created_at`, `updated_at`) VALUES (77, 'Jerad', 'Hammes', 'yfisher@example.net', '1-184-070-0353x9451', '1976-07-10 00:00:00', '1974-09-17 00:00:00');
INSERT INTO `users` (`id`, `first_name`, `last_name`, `email`, `phone`, `created_at`, `updated_at`) VALUES (78, 'Christian', 'Bailey', 'lilian.luettgen@example.com', '380.007.0938x913', '1996-11-16 00:00:00', '2019-01-03 00:00:00');
INSERT INTO `users` (`id`, `first_name`, `last_name`, `email`, `phone`, `created_at`, `updated_at`) VALUES (79, 'Margarita', 'Krajcik', 'aiyana.steuber@example.net', '033.427.9669x9839', '2017-09-13 00:00:00', '2001-04-30 00:00:00');
INSERT INTO `users` (`id`, `first_name`, `last_name`, `email`, `phone`, `created_at`, `updated_at`) VALUES (80, 'Ayana', 'Koss', 'schumm.elouise@example.org', '032.027.6157x7763', '2008-06-19 00:00:00', '2017-06-08 00:00:00');
INSERT INTO `users` (`id`, `first_name`, `last_name`, `email`, `phone`, `created_at`, `updated_at`) VALUES (81, 'Christiana', 'Stroman', 'hroberts@example.com', '(109)604-0769', '1992-10-13 00:00:00', '2014-06-26 00:00:00');
INSERT INTO `users` (`id`, `first_name`, `last_name`, `email`, `phone`, `created_at`, `updated_at`) VALUES (82, 'Chaz', 'Bednar', 'maximo78@example.com', '04393728039', '2016-06-28 00:00:00', '1996-08-13 00:00:00');
INSERT INTO `users` (`id`, `first_name`, `last_name`, `email`, `phone`, `created_at`, `updated_at`) VALUES (83, 'Sylvia', 'Bode', 'hilll.trycia@example.net', '033-578-3234x3710', '1987-11-17 00:00:00', '1996-09-21 00:00:00');
INSERT INTO `users` (`id`, `first_name`, `last_name`, `email`, `phone`, `created_at`, `updated_at`) VALUES (84, 'Ezequiel', 'McClure', 'hilll.rollin@example.com', '424.412.2355x40104', '1998-03-05 00:00:00', '2003-07-30 00:00:00');
INSERT INTO `users` (`id`, `first_name`, `last_name`, `email`, `phone`, `created_at`, `updated_at`) VALUES (85, 'Hermina', 'McCullough', 'rickie33@example.org', '1-934-801-1910x5623', '2011-03-29 00:00:00', '2011-06-08 00:00:00');
INSERT INTO `users` (`id`, `first_name`, `last_name`, `email`, `phone`, `created_at`, `updated_at`) VALUES (86, 'Flossie', 'Emmerich', 'treutel.mckenna@example.com', '1-558-373-4556x079', '2016-09-15 00:00:00', '1973-02-04 00:00:00');
INSERT INTO `users` (`id`, `first_name`, `last_name`, `email`, `phone`, `created_at`, `updated_at`) VALUES (87, 'Dylan', 'Grant', 'emmanuelle09@example.net', '(509)812-8281x593', '1970-08-21 00:00:00', '1988-11-26 00:00:00');
INSERT INTO `users` (`id`, `first_name`, `last_name`, `email`, `phone`, `created_at`, `updated_at`) VALUES (88, 'Jessika', 'Dare', 'fritchie@example.org', '804-434-0330x515', '1977-10-28 00:00:00', '2003-08-07 00:00:00');
INSERT INTO `users` (`id`, `first_name`, `last_name`, `email`, `phone`, `created_at`, `updated_at`) VALUES (89, 'Marlon', 'Bartoletti', 'zcronin@example.net', '(175)347-6427x684', '2018-10-01 00:00:00', '2007-01-07 00:00:00');
INSERT INTO `users` (`id`, `first_name`, `last_name`, `email`, `phone`, `created_at`, `updated_at`) VALUES (90, 'Myrtice', 'Murphy', 'gregory48@example.net', '345-484-9857x0190', '1983-05-06 00:00:00', '2005-12-13 00:00:00');
INSERT INTO `users` (`id`, `first_name`, `last_name`, `email`, `phone`, `created_at`, `updated_at`) VALUES (91, 'Oceane', 'Terry', 'gledner@example.com', '634-567-7063', '1982-08-11 00:00:00', '2012-10-09 00:00:00');
INSERT INTO `users` (`id`, `first_name`, `last_name`, `email`, `phone`, `created_at`, `updated_at`) VALUES (92, 'Iliana', 'Ryan', 'pstiedemann@example.com', '722.630.3185x74870', '1974-10-03 00:00:00', '1994-12-31 00:00:00');
INSERT INTO `users` (`id`, `first_name`, `last_name`, `email`, `phone`, `created_at`, `updated_at`) VALUES (93, 'Tia', 'Conroy', 'rutherford.wilhelm@example.org', '081.900.7631', '2010-11-13 00:00:00', '1987-03-22 00:00:00');
INSERT INTO `users` (`id`, `first_name`, `last_name`, `email`, `phone`, `created_at`, `updated_at`) VALUES (94, 'Cara', 'Lockman', 'rhea65@example.org', '479.054.1573x68911', '2018-05-18 00:00:00', '2001-03-19 00:00:00');
INSERT INTO `users` (`id`, `first_name`, `last_name`, `email`, `phone`, `created_at`, `updated_at`) VALUES (95, 'Mafalda', 'Reilly', 'lela43@example.org', '258-963-3804x7750', '1983-07-01 00:00:00', '2010-04-05 00:00:00');
INSERT INTO `users` (`id`, `first_name`, `last_name`, `email`, `phone`, `created_at`, `updated_at`) VALUES (96, 'Brandi', 'Gutkowski', 'myles97@example.org', '1-740-587-3840x5176', '2017-02-14 00:00:00', '1972-01-14 00:00:00');
INSERT INTO `users` (`id`, `first_name`, `last_name`, `email`, `phone`, `created_at`, `updated_at`) VALUES (97, 'Eldridge', 'McClure', 'ioberbrunner@example.com', '152.895.1184x0843', '2005-10-06 00:00:00', '1976-10-31 00:00:00');
INSERT INTO `users` (`id`, `first_name`, `last_name`, `email`, `phone`, `created_at`, `updated_at`) VALUES (98, 'Douglas', 'Leuschke', 'rice.genoveva@example.com', '1-788-060-3266x256', '2010-09-27 00:00:00', '1973-07-15 00:00:00');
INSERT INTO `users` (`id`, `first_name`, `last_name`, `email`, `phone`, `created_at`, `updated_at`) VALUES (99, 'Meaghan', 'Dicki', 'jacques37@example.com', '394-036-7233x1099', '2018-11-21 00:00:00', '1992-07-06 00:00:00');
INSERT INTO `users` (`id`, `first_name`, `last_name`, `email`, `phone`, `created_at`, `updated_at`) VALUES (100, 'Cleveland', 'Windler', 'jaquan81@example.com', '00108034810', '1992-03-29 00:00:00', '1993-05-23 00:00:00');
INSERT INTO `users` (`id`, `first_name`, `last_name`, `email`, `phone`, `created_at`, `updated_at`) VALUES (101, 'Lawrence', 'Hudson', 'joey.crooks@example.com', '711-907-7972', '2000-02-03 00:00:00', '1998-05-18 00:00:00');
INSERT INTO `users` (`id`, `first_name`, `last_name`, `email`, `phone`, `created_at`, `updated_at`) VALUES (102, 'Tyrique', 'Yundt', 'hirthe.kianna@example.com', '973-426-3815', '1986-08-19 00:00:00', '1984-09-17 00:00:00');
INSERT INTO `users` (`id`, `first_name`, `last_name`, `email`, `phone`, `created_at`, `updated_at`) VALUES (103, 'Romaine', 'Reilly', 'ohoeger@example.net', '147-661-2363', '1988-01-12 00:00:00', '1972-08-08 00:00:00');
INSERT INTO `users` (`id`, `first_name`, `last_name`, `email`, `phone`, `created_at`, `updated_at`) VALUES (104, 'Melody', 'Strosin', 'torphy.elenor@example.org', '06714495607', '1972-05-21 00:00:00', '1974-08-04 00:00:00');
INSERT INTO `users` (`id`, `first_name`, `last_name`, `email`, `phone`, `created_at`, `updated_at`) VALUES (105, 'Laron', 'Frami', 'hmuller@example.net', '719-889-6806x21031', '1983-08-20 00:00:00', '2007-02-06 00:00:00');
INSERT INTO `users` (`id`, `first_name`, `last_name`, `email`, `phone`, `created_at`, `updated_at`) VALUES (106, 'Emmett', 'Schmidt', 'wlakin@example.net', '+84(2)3734638268', '2015-08-05 00:00:00', '1980-06-02 00:00:00');
INSERT INTO `users` (`id`, `first_name`, `last_name`, `email`, `phone`, `created_at`, `updated_at`) VALUES (107, 'Rogers', 'Spinka', 'javier77@example.net', '(055)860-1933', '2003-08-24 00:00:00', '1997-10-11 00:00:00');
INSERT INTO `users` (`id`, `first_name`, `last_name`, `email`, `phone`, `created_at`, `updated_at`) VALUES (108, 'Dana', 'Schaefer', 'demario.wilderman@example.org', '623.424.1959x5490', '1997-11-29 00:00:00', '1990-08-27 00:00:00');
INSERT INTO `users` (`id`, `first_name`, `last_name`, `email`, `phone`, `created_at`, `updated_at`) VALUES (109, 'Doyle', 'Nitzsche', 'beer.anabel@example.net', '312-012-4485x77776', '2011-11-13 00:00:00', '2012-11-22 00:00:00');
INSERT INTO `users` (`id`, `first_name`, `last_name`, `email`, `phone`, `created_at`, `updated_at`) VALUES (110, 'Mireya', 'Cummings', 'akeem.hermann@example.net', '896-701-2783', '2004-01-22 00:00:00', '1996-01-23 00:00:00');
INSERT INTO `users` (`id`, `first_name`, `last_name`, `email`, `phone`, `created_at`, `updated_at`) VALUES (111, 'Vernice', 'Kertzmann', 'emely.herzog@example.com', '08370506140', '1987-11-28 00:00:00', '1982-08-09 00:00:00');
INSERT INTO `users` (`id`, `first_name`, `last_name`, `email`, `phone`, `created_at`, `updated_at`) VALUES (112, 'Geoffrey', 'Homenick', 'veum.eliezer@example.com', '1-605-375-5475x83846', '1972-03-04 00:00:00', '2002-11-17 00:00:00');
INSERT INTO `users` (`id`, `first_name`, `last_name`, `email`, `phone`, `created_at`, `updated_at`) VALUES (113, 'Connie', 'Sanford', 'eliseo13@example.com', '948.592.5408', '1975-12-27 00:00:00', '1995-04-26 00:00:00');
INSERT INTO `users` (`id`, `first_name`, `last_name`, `email`, `phone`, `created_at`, `updated_at`) VALUES (114, 'Deon', 'Hoppe', 'ezulauf@example.org', '04389663897', '1983-01-07 00:00:00', '2020-01-31 00:00:00');
INSERT INTO `users` (`id`, `first_name`, `last_name`, `email`, `phone`, `created_at`, `updated_at`) VALUES (115, 'Tyshawn', 'Klocko', 'evelyn38@example.org', '(002)621-9889x7303', '1979-10-29 00:00:00', '1988-01-15 00:00:00');
INSERT INTO `users` (`id`, `first_name`, `last_name`, `email`, `phone`, `created_at`, `updated_at`) VALUES (116, 'Gilda', 'Boyle', 'shad.welch@example.net', '1-810-405-5117x16598', '1982-01-12 00:00:00', '1985-05-04 00:00:00');
INSERT INTO `users` (`id`, `first_name`, `last_name`, `email`, `phone`, `created_at`, `updated_at`) VALUES (117, 'Gerardo', 'Wisozk', 'stehr.creola@example.net', '526-765-9828x1528', '2019-01-17 00:00:00', '1996-03-17 00:00:00');
INSERT INTO `users` (`id`, `first_name`, `last_name`, `email`, `phone`, `created_at`, `updated_at`) VALUES (118, 'Chasity', 'Klein', 'kiarra22@example.net', '1-058-271-5825x48368', '2003-12-28 00:00:00', '1987-09-04 00:00:00');
INSERT INTO `users` (`id`, `first_name`, `last_name`, `email`, `phone`, `created_at`, `updated_at`) VALUES (119, 'Gladys', 'Reynolds', 'odeckow@example.com', '(719)040-7814', '1994-02-21 00:00:00', '1976-04-09 00:00:00');
INSERT INTO `users` (`id`, `first_name`, `last_name`, `email`, `phone`, `created_at`, `updated_at`) VALUES (120, 'Tom', 'Zemlak', 'lulu.harris@example.net', '1-342-568-0117x3530', '2010-10-21 00:00:00', '2006-01-23 00:00:00');
INSERT INTO `users` (`id`, `first_name`, `last_name`, `email`, `phone`, `created_at`, `updated_at`) VALUES (121, 'Sophie', 'Kilback', 'dwight51@example.org', '01171832469', '1975-04-02 00:00:00', '1980-05-31 00:00:00');
INSERT INTO `users` (`id`, `first_name`, `last_name`, `email`, `phone`, `created_at`, `updated_at`) VALUES (122, 'Celestino', 'Huel', 'bobby.bahringer@example.net', '781-797-8402x654', '1971-07-08 00:00:00', '2015-06-18 00:00:00');
INSERT INTO `users` (`id`, `first_name`, `last_name`, `email`, `phone`, `created_at`, `updated_at`) VALUES (123, 'Taurean', 'Hodkiewicz', 'czemlak@example.net', '017-888-6390x92042', '1975-09-11 00:00:00', '1982-08-14 00:00:00');
INSERT INTO `users` (`id`, `first_name`, `last_name`, `email`, `phone`, `created_at`, `updated_at`) VALUES (124, 'Terrill', 'Bashirian', 'camille.reichel@example.net', '1-860-401-1688x4147', '1979-09-02 00:00:00', '1990-03-23 00:00:00');
INSERT INTO `users` (`id`, `first_name`, `last_name`, `email`, `phone`, `created_at`, `updated_at`) VALUES (125, 'Libbie', 'Beer', 'murphy.ana@example.com', '00195223304', '1990-10-30 00:00:00', '1992-07-09 00:00:00');
INSERT INTO `users` (`id`, `first_name`, `last_name`, `email`, `phone`, `created_at`, `updated_at`) VALUES (126, 'Letitia', 'Bogisich', 'bill96@example.net', '1-029-079-4472x8693', '2012-05-17 00:00:00', '1976-03-05 00:00:00');
INSERT INTO `users` (`id`, `first_name`, `last_name`, `email`, `phone`, `created_at`, `updated_at`) VALUES (127, 'Curt', 'Lebsack', 'lsmitham@example.com', '049-210-2292', '2020-11-23 00:00:00', '1975-01-23 00:00:00');
INSERT INTO `users` (`id`, `first_name`, `last_name`, `email`, `phone`, `created_at`, `updated_at`) VALUES (128, 'Nestor', 'Wilkinson', 'gerdman@example.org', '273.118.1505', '1975-02-14 00:00:00', '2002-09-07 00:00:00');
INSERT INTO `users` (`id`, `first_name`, `last_name`, `email`, `phone`, `created_at`, `updated_at`) VALUES (129, 'Ashley', 'Lemke', 'vivianne.stracke@example.net', '476.313.9553x13097', '1976-12-09 00:00:00', '1973-06-08 00:00:00');
INSERT INTO `users` (`id`, `first_name`, `last_name`, `email`, `phone`, `created_at`, `updated_at`) VALUES (130, 'Sonia', 'Gleason', 'zwaters@example.net', '1-790-367-2690x07310', '2008-03-11 00:00:00', '1975-04-12 00:00:00');
INSERT INTO `users` (`id`, `first_name`, `last_name`, `email`, `phone`, `created_at`, `updated_at`) VALUES (131, 'Darwin', 'Wuckert', 'alek05@example.com', '164.289.1499', '1975-05-11 00:00:00', '1976-09-09 00:00:00');
INSERT INTO `users` (`id`, `first_name`, `last_name`, `email`, `phone`, `created_at`, `updated_at`) VALUES (132, 'Lorenza', 'Hegmann', 'hhettinger@example.org', '(792)066-9989x20206', '1985-03-05 00:00:00', '2002-10-12 00:00:00');
INSERT INTO `users` (`id`, `first_name`, `last_name`, `email`, `phone`, `created_at`, `updated_at`) VALUES (133, 'Alexandrea', 'Kirlin', 'willms.arvid@example.com', '(838)146-5410', '2016-12-01 00:00:00', '2001-10-17 00:00:00');
INSERT INTO `users` (`id`, `first_name`, `last_name`, `email`, `phone`, `created_at`, `updated_at`) VALUES (134, 'Heather', 'Hermiston', 'mante.thelma@example.com', '387-279-8418', '2006-04-23 00:00:00', '1971-10-22 00:00:00');
INSERT INTO `users` (`id`, `first_name`, `last_name`, `email`, `phone`, `created_at`, `updated_at`) VALUES (135, 'Francisco', 'Moore', 'casimir16@example.org', '+64(0)7707539370', '2014-07-08 00:00:00', '2019-07-18 00:00:00');
INSERT INTO `users` (`id`, `first_name`, `last_name`, `email`, `phone`, `created_at`, `updated_at`) VALUES (136, 'Kali', 'Kling', 'turner.jones@example.org', '293.233.5031x2486', '2001-01-13 00:00:00', '1998-05-11 00:00:00');
INSERT INTO `users` (`id`, `first_name`, `last_name`, `email`, `phone`, `created_at`, `updated_at`) VALUES (137, 'Irwin', 'Keeling', 'kristofer.bogisich@example.net', '+26(3)0205935923', '2005-10-06 00:00:00', '1978-01-27 00:00:00');
INSERT INTO `users` (`id`, `first_name`, `last_name`, `email`, `phone`, `created_at`, `updated_at`) VALUES (138, 'Enola', 'Spencer', 'ro\'reilly@example.net', '(626)213-8364', '1971-07-04 00:00:00', '1985-07-09 00:00:00');
INSERT INTO `users` (`id`, `first_name`, `last_name`, `email`, `phone`, `created_at`, `updated_at`) VALUES (139, 'Mae', 'Cremin', 'bechtelar.tyra@example.net', '950-921-7002x0130', '1983-01-02 00:00:00', '1991-07-06 00:00:00');
INSERT INTO `users` (`id`, `first_name`, `last_name`, `email`, `phone`, `created_at`, `updated_at`) VALUES (140, 'Mckenzie', 'Buckridge', 'mkulas@example.net', '03581611650', '1985-02-07 00:00:00', '1992-07-20 00:00:00');
INSERT INTO `users` (`id`, `first_name`, `last_name`, `email`, `phone`, `created_at`, `updated_at`) VALUES (141, 'Heidi', 'Bogan', 'vince.hoeger@example.org', '1-508-900-9564x32674', '1998-08-29 00:00:00', '1985-01-02 00:00:00');
INSERT INTO `users` (`id`, `first_name`, `last_name`, `email`, `phone`, `created_at`, `updated_at`) VALUES (142, 'Leonard', 'Rogahn', 'rcronin@example.com', '406.927.3041x106', '1982-08-23 00:00:00', '1975-03-19 00:00:00');
INSERT INTO `users` (`id`, `first_name`, `last_name`, `email`, `phone`, `created_at`, `updated_at`) VALUES (143, 'Ramon', 'Pagac', 'ykautzer@example.org', '873.411.7122x20397', '1983-04-23 00:00:00', '2009-05-16 00:00:00');
INSERT INTO `users` (`id`, `first_name`, `last_name`, `email`, `phone`, `created_at`, `updated_at`) VALUES (144, 'Violette', 'Braun', 'domenic74@example.net', '766.755.5929', '1972-03-09 00:00:00', '2000-06-06 00:00:00');
INSERT INTO `users` (`id`, `first_name`, `last_name`, `email`, `phone`, `created_at`, `updated_at`) VALUES (145, 'Milton', 'Welch', 'preston.walker@example.net', '(503)324-0495x88169', '1999-05-25 00:00:00', '2011-02-05 00:00:00');
INSERT INTO `users` (`id`, `first_name`, `last_name`, `email`, `phone`, `created_at`, `updated_at`) VALUES (146, 'Edythe', 'Brown', 'kacie.heidenreich@example.com', '056.467.5193x097', '2016-09-21 00:00:00', '2004-09-12 00:00:00');
INSERT INTO `users` (`id`, `first_name`, `last_name`, `email`, `phone`, `created_at`, `updated_at`) VALUES (147, 'Elwin', 'Welch', 'uhartmann@example.com', '102-260-0345x3127', '2019-08-03 00:00:00', '2007-07-22 00:00:00');
INSERT INTO `users` (`id`, `first_name`, `last_name`, `email`, `phone`, `created_at`, `updated_at`) VALUES (148, 'Jeanette', 'Renner', 'frempel@example.com', '06404028805', '1973-11-30 00:00:00', '1980-12-02 00:00:00');
INSERT INTO `users` (`id`, `first_name`, `last_name`, `email`, `phone`, `created_at`, `updated_at`) VALUES (149, 'Titus', 'Hudson', 'joel86@example.com', '124-827-0682x1040', '1973-02-08 00:00:00', '1987-05-14 00:00:00');
INSERT INTO `users` (`id`, `first_name`, `last_name`, `email`, `phone`, `created_at`, `updated_at`) VALUES (150, 'Allan', 'Emmerich', 'aschimmel@example.net', '(695)415-8182', '1979-08-30 00:00:00', '1985-09-30 00:00:00');
INSERT INTO `users` (`id`, `first_name`, `last_name`, `email`, `phone`, `created_at`, `updated_at`) VALUES (151, 'Aletha', 'West', 'herta.bahringer@example.org', '(904)769-5925', '2014-06-14 00:00:00', '2012-08-05 00:00:00');
INSERT INTO `users` (`id`, `first_name`, `last_name`, `email`, `phone`, `created_at`, `updated_at`) VALUES (152, 'Lavon', 'Rath', 'robel.manuel@example.com', '1-225-035-0968x777', '1978-07-11 00:00:00', '2004-06-21 00:00:00');
INSERT INTO `users` (`id`, `first_name`, `last_name`, `email`, `phone`, `created_at`, `updated_at`) VALUES (153, 'Cristina', 'Weissnat', 'ezemlak@example.org', '187-326-2711x2966', '1976-06-02 00:00:00', '1994-04-08 00:00:00');
INSERT INTO `users` (`id`, `first_name`, `last_name`, `email`, `phone`, `created_at`, `updated_at`) VALUES (154, 'Kale', 'Koch', 'heidenreich.lacy@example.com', '832.030.2439x1653', '1972-04-24 00:00:00', '1973-11-04 00:00:00');
INSERT INTO `users` (`id`, `first_name`, `last_name`, `email`, `phone`, `created_at`, `updated_at`) VALUES (155, 'Randi', 'Ledner', 'leland.durgan@example.org', '(808)809-1971x291', '2019-05-10 00:00:00', '1984-12-09 00:00:00');
INSERT INTO `users` (`id`, `first_name`, `last_name`, `email`, `phone`, `created_at`, `updated_at`) VALUES (156, 'Genesis', 'Denesik', 'caleigh50@example.com', '1-733-014-2191x5688', '2020-06-13 00:00:00', '1989-02-27 00:00:00');
INSERT INTO `users` (`id`, `first_name`, `last_name`, `email`, `phone`, `created_at`, `updated_at`) VALUES (157, 'Marley', 'King', 'kschultz@example.org', '1-642-473-8534x7328', '1972-03-05 00:00:00', '2017-04-07 00:00:00');
INSERT INTO `users` (`id`, `first_name`, `last_name`, `email`, `phone`, `created_at`, `updated_at`) VALUES (158, 'Keenan', 'Howe', 'fmayer@example.org', '1-707-584-0355x686', '1991-04-07 00:00:00', '1986-02-10 00:00:00');
INSERT INTO `users` (`id`, `first_name`, `last_name`, `email`, `phone`, `created_at`, `updated_at`) VALUES (159, 'June', 'Hartmann', 'fritsch.doug@example.com', '01036591310', '1992-08-01 00:00:00', '1986-02-01 00:00:00');
INSERT INTO `users` (`id`, `first_name`, `last_name`, `email`, `phone`, `created_at`, `updated_at`) VALUES (160, 'Virginie', 'Schamberger', 'gaylord.evan@example.org', '(566)337-4141', '1991-02-13 00:00:00', '1993-08-13 00:00:00');
INSERT INTO `users` (`id`, `first_name`, `last_name`, `email`, `phone`, `created_at`, `updated_at`) VALUES (161, 'Janet', 'Ondricka', 'hyatt.myrna@example.com', '297-792-7501', '2002-01-02 00:00:00', '2002-10-15 00:00:00');
INSERT INTO `users` (`id`, `first_name`, `last_name`, `email`, `phone`, `created_at`, `updated_at`) VALUES (162, 'Ethyl', 'McCullough', 'bridie80@example.org', '(431)887-4342', '1972-03-28 00:00:00', '1976-03-25 00:00:00');
INSERT INTO `users` (`id`, `first_name`, `last_name`, `email`, `phone`, `created_at`, `updated_at`) VALUES (163, 'Lorenzo', 'Parisian', 'theodore.brakus@example.org', '929.762.7938', '1970-04-29 00:00:00', '1974-04-05 00:00:00');
INSERT INTO `users` (`id`, `first_name`, `last_name`, `email`, `phone`, `created_at`, `updated_at`) VALUES (164, 'Makayla', 'Casper', 'ricardo94@example.org', '(180)747-5099x814', '1993-07-12 00:00:00', '1976-01-23 00:00:00');
INSERT INTO `users` (`id`, `first_name`, `last_name`, `email`, `phone`, `created_at`, `updated_at`) VALUES (165, 'Anais', 'Hickle', 'zoila.ziemann@example.org', '(031)492-0118', '2001-05-26 00:00:00', '1986-06-12 00:00:00');
INSERT INTO `users` (`id`, `first_name`, `last_name`, `email`, `phone`, `created_at`, `updated_at`) VALUES (166, 'Eino', 'Kozey', 'wyman.kendrick@example.org', '744.108.5923x122', '1994-02-01 00:00:00', '1974-07-23 00:00:00');
INSERT INTO `users` (`id`, `first_name`, `last_name`, `email`, `phone`, `created_at`, `updated_at`) VALUES (167, 'Deven', 'Lebsack', 'arnold.mcglynn@example.com', '00267840460', '1993-01-18 00:00:00', '1979-01-06 00:00:00');
INSERT INTO `users` (`id`, `first_name`, `last_name`, `email`, `phone`, `created_at`, `updated_at`) VALUES (168, 'Jonathon', 'Littel', 'elouise.kovacek@example.net', '1-042-554-8300x892', '1982-07-05 00:00:00', '1997-07-08 00:00:00');
INSERT INTO `users` (`id`, `first_name`, `last_name`, `email`, `phone`, `created_at`, `updated_at`) VALUES (169, 'Lyda', 'Hills', 'rosalyn.kutch@example.com', '(340)803-7972', '1990-09-18 00:00:00', '1994-03-24 00:00:00');
INSERT INTO `users` (`id`, `first_name`, `last_name`, `email`, `phone`, `created_at`, `updated_at`) VALUES (170, 'Emely', 'Rice', 'bernhard.ward@example.net', '07717216480', '1993-09-20 00:00:00', '1971-01-28 00:00:00');
INSERT INTO `users` (`id`, `first_name`, `last_name`, `email`, `phone`, `created_at`, `updated_at`) VALUES (171, 'Xavier', 'Wisozk', 'walsh.candace@example.com', '1-002-192-3930x2453', '1998-05-04 00:00:00', '2005-01-16 00:00:00');
INSERT INTO `users` (`id`, `first_name`, `last_name`, `email`, `phone`, `created_at`, `updated_at`) VALUES (172, 'Althea', 'Conroy', 'darwin.greenfelder@example.org', '841-782-3192x691', '2019-01-25 00:00:00', '1977-12-29 00:00:00');
INSERT INTO `users` (`id`, `first_name`, `last_name`, `email`, `phone`, `created_at`, `updated_at`) VALUES (173, 'Terence', 'Goodwin', 'kuhlman.rick@example.org', '(050)862-0492x6373', '2011-04-22 00:00:00', '2001-04-21 00:00:00');
INSERT INTO `users` (`id`, `first_name`, `last_name`, `email`, `phone`, `created_at`, `updated_at`) VALUES (174, 'Vilma', 'Tillman', 'royce.legros@example.net', '(128)738-3956x3303', '1991-12-14 00:00:00', '1990-05-10 00:00:00');
INSERT INTO `users` (`id`, `first_name`, `last_name`, `email`, `phone`, `created_at`, `updated_at`) VALUES (175, 'Keshaun', 'Olson', 'walter.kaya@example.net', '537.307.4868', '1987-05-04 00:00:00', '1987-05-21 00:00:00');
INSERT INTO `users` (`id`, `first_name`, `last_name`, `email`, `phone`, `created_at`, `updated_at`) VALUES (176, 'Earl', 'Haag', 'haleigh38@example.org', '1-456-931-4423x51256', '1977-11-29 00:00:00', '2006-04-07 00:00:00');
INSERT INTO `users` (`id`, `first_name`, `last_name`, `email`, `phone`, `created_at`, `updated_at`) VALUES (177, 'Ashlee', 'Cronin', 'everardo.weissnat@example.org', '1-241-154-3755x0284', '2002-06-27 00:00:00', '1971-09-08 00:00:00');
INSERT INTO `users` (`id`, `first_name`, `last_name`, `email`, `phone`, `created_at`, `updated_at`) VALUES (178, 'Laurine', 'Balistreri', 'nhuel@example.org', '825.966.0931', '2006-02-18 00:00:00', '1978-06-26 00:00:00');
INSERT INTO `users` (`id`, `first_name`, `last_name`, `email`, `phone`, `created_at`, `updated_at`) VALUES (179, 'Alana', 'Weissnat', 'lowe.jon@example.com', '1-032-766-5514x6756', '1983-06-17 00:00:00', '2016-03-23 00:00:00');
INSERT INTO `users` (`id`, `first_name`, `last_name`, `email`, `phone`, `created_at`, `updated_at`) VALUES (180, 'Noemi', 'Kuphal', 'dbernhard@example.org', '978.218.0721x688', '1977-11-07 00:00:00', '2010-12-04 00:00:00');
INSERT INTO `users` (`id`, `first_name`, `last_name`, `email`, `phone`, `created_at`, `updated_at`) VALUES (181, 'Noemi', 'Reichel', 'hdenesik@example.net', '376-574-4281x87646', '2015-11-17 00:00:00', '1975-10-02 00:00:00');
INSERT INTO `users` (`id`, `first_name`, `last_name`, `email`, `phone`, `created_at`, `updated_at`) VALUES (182, 'Murray', 'Bailey', 'joanny.adams@example.org', '1-318-765-7449x449', '1993-09-16 00:00:00', '2015-11-07 00:00:00');
INSERT INTO `users` (`id`, `first_name`, `last_name`, `email`, `phone`, `created_at`, `updated_at`) VALUES (183, 'Nicholaus', 'Kessler', 'zachery.heathcote@example.net', '1-633-842-5780x6653', '1985-03-19 00:00:00', '1974-12-09 00:00:00');
INSERT INTO `users` (`id`, `first_name`, `last_name`, `email`, `phone`, `created_at`, `updated_at`) VALUES (184, 'Jakayla', 'Huels', 'homenick.minerva@example.net', '721-666-7080x8579', '2003-06-09 00:00:00', '1996-06-10 00:00:00');
INSERT INTO `users` (`id`, `first_name`, `last_name`, `email`, `phone`, `created_at`, `updated_at`) VALUES (185, 'Adrien', 'Wisoky', 'thaag@example.net', '(952)879-9246', '1987-08-26 00:00:00', '2019-10-08 00:00:00');
INSERT INTO `users` (`id`, `first_name`, `last_name`, `email`, `phone`, `created_at`, `updated_at`) VALUES (186, 'Jamal', 'Crona', 'yziemann@example.org', '+02(4)2717275892', '1980-07-06 00:00:00', '1970-12-07 00:00:00');
INSERT INTO `users` (`id`, `first_name`, `last_name`, `email`, `phone`, `created_at`, `updated_at`) VALUES (187, 'Elisa', 'Schamberger', 'demmerich@example.com', '07952203664', '1989-11-14 00:00:00', '2006-05-18 00:00:00');
INSERT INTO `users` (`id`, `first_name`, `last_name`, `email`, `phone`, `created_at`, `updated_at`) VALUES (188, 'Arch', 'Wolf', 'florida.rolfson@example.net', '+10(7)0743647888', '1988-09-08 00:00:00', '1974-09-10 00:00:00');
INSERT INTO `users` (`id`, `first_name`, `last_name`, `email`, `phone`, `created_at`, `updated_at`) VALUES (189, 'Ed', 'Luettgen', 'o\'conner.alvis@example.com', '05447464428', '1993-03-18 00:00:00', '1981-05-16 00:00:00');
INSERT INTO `users` (`id`, `first_name`, `last_name`, `email`, `phone`, `created_at`, `updated_at`) VALUES (190, 'Kyleigh', 'Lubowitz', 'vicente.donnelly@example.org', '1-890-445-0179x9478', '2020-04-10 00:00:00', '1997-06-26 00:00:00');
INSERT INTO `users` (`id`, `first_name`, `last_name`, `email`, `phone`, `created_at`, `updated_at`) VALUES (191, 'Geovany', 'Koss', 'rowe.eileen@example.com', '+42(1)2675604155', '1989-05-02 00:00:00', '2011-03-31 00:00:00');
INSERT INTO `users` (`id`, `first_name`, `last_name`, `email`, `phone`, `created_at`, `updated_at`) VALUES (192, 'Thurman', 'Zboncak', 'jaskolski.danielle@example.org', '1-795-191-6945', '1979-05-25 00:00:00', '1996-08-02 00:00:00');
INSERT INTO `users` (`id`, `first_name`, `last_name`, `email`, `phone`, `created_at`, `updated_at`) VALUES (193, 'Humberto', 'Jerde', 'alba.bosco@example.org', '(168)098-2548x4412', '1972-05-18 00:00:00', '1992-07-30 00:00:00');
INSERT INTO `users` (`id`, `first_name`, `last_name`, `email`, `phone`, `created_at`, `updated_at`) VALUES (194, 'Jameson', 'Franecki', 'trenton.emmerich@example.net', '819.376.8402x346', '2013-03-15 00:00:00', '2013-06-27 00:00:00');
INSERT INTO `users` (`id`, `first_name`, `last_name`, `email`, `phone`, `created_at`, `updated_at`) VALUES (195, 'Hillary', 'Dicki', 'rau.stephany@example.com', '1-721-706-6325x28509', '2015-01-13 00:00:00', '1981-09-18 00:00:00');
INSERT INTO `users` (`id`, `first_name`, `last_name`, `email`, `phone`, `created_at`, `updated_at`) VALUES (196, 'Felipa', 'Schumm', 'nelson.mccullough@example.net', '937-768-3833', '2006-02-20 00:00:00', '1982-04-08 00:00:00');
INSERT INTO `users` (`id`, `first_name`, `last_name`, `email`, `phone`, `created_at`, `updated_at`) VALUES (197, 'Maida', 'Gaylord', 'rosemarie.keebler@example.org', '+36(5)8735072368', '2016-04-02 00:00:00', '2018-09-19 00:00:00');
INSERT INTO `users` (`id`, `first_name`, `last_name`, `email`, `phone`, `created_at`, `updated_at`) VALUES (198, 'Ruthe', 'Renner', 'anthony.turcotte@example.org', '1-027-377-0557x690', '1972-02-04 00:00:00', '1997-01-16 00:00:00');
INSERT INTO `users` (`id`, `first_name`, `last_name`, `email`, `phone`, `created_at`, `updated_at`) VALUES (199, 'Agnes', 'Block', 'grant.terrell@example.org', '1-321-843-2281x806', '1977-12-30 00:00:00', '1981-07-12 00:00:00');
INSERT INTO `users` (`id`, `first_name`, `last_name`, `email`, `phone`, `created_at`, `updated_at`) VALUES (200, 'Lizeth', 'Rohan', 'neoma62@example.net', '742.935.9305', '2020-04-29 00:00:00', '2014-07-18 00:00:00');


