#
# TABLE STRUCTURE FOR: media_types
#

DROP TABLE IF EXISTS `media_types`;

CREATE TABLE `media_types` (
  `id` bigint(20) unsigned NOT NULL AUTO_INCREMENT COMMENT 'Идентификатор строки',
  `name` varchar(255) COLLATE utf8_unicode_ci NOT NULL COMMENT 'Название типа',
  `created_at` datetime NOT NULL DEFAULT current_timestamp() COMMENT 'Время создания строки',
  `updated_at` datetime DEFAULT current_timestamp() ON UPDATE current_timestamp() COMMENT 'Время обновления строки',
  UNIQUE KEY `id` (`id`),
  UNIQUE KEY `name` (`name`)
) ENGINE=InnoDB AUTO_INCREMENT=101 DEFAULT CHARSET=utf8 COLLATE=utf8_unicode_ci COMMENT='Типы медиафайлов';

INSERT INTO `media_types` (`id`, `name`, `created_at`, `updated_at`) VALUES ('1', 'atque', '1970-12-02 08:56:34', '1970-03-03 20:48:55');
INSERT INTO `media_types` (`id`, `name`, `created_at`, `updated_at`) VALUES ('2', 'voluptas', '2009-11-26 01:02:02', '1971-03-07 15:07:48');
INSERT INTO `media_types` (`id`, `name`, `created_at`, `updated_at`) VALUES ('3', 'deleniti', '2007-12-04 11:52:50', '2004-11-27 14:35:49');
INSERT INTO `media_types` (`id`, `name`, `created_at`, `updated_at`) VALUES ('4', 'commodi', '1971-01-11 23:39:06', '1981-01-01 20:38:31');
INSERT INTO `media_types` (`id`, `name`, `created_at`, `updated_at`) VALUES ('5', 'voluptatem', '2010-09-26 08:48:42', '2018-08-01 05:30:08');
INSERT INTO `media_types` (`id`, `name`, `created_at`, `updated_at`) VALUES ('6', 'libero', '1976-03-26 03:41:14', '1989-01-06 21:36:08');
INSERT INTO `media_types` (`id`, `name`, `created_at`, `updated_at`) VALUES ('7', 'quasi', '2012-07-14 20:35:55', '2019-05-25 03:35:32');
INSERT INTO `media_types` (`id`, `name`, `created_at`, `updated_at`) VALUES ('8', 'nihil', '1989-11-22 16:29:39', '1982-07-24 15:55:49');
INSERT INTO `media_types` (`id`, `name`, `created_at`, `updated_at`) VALUES ('9', 'aut', '1989-07-02 08:28:17', '1971-08-23 00:38:30');
INSERT INTO `media_types` (`id`, `name`, `created_at`, `updated_at`) VALUES ('10', 'et', '2012-04-24 23:50:08', '1993-06-20 07:26:15');
INSERT INTO `media_types` (`id`, `name`, `created_at`, `updated_at`) VALUES ('11', 'quis', '2018-12-21 05:12:49', '2003-07-05 20:39:01');
INSERT INTO `media_types` (`id`, `name`, `created_at`, `updated_at`) VALUES ('12', 'velit', '2020-06-06 11:35:23', '2014-07-11 05:08:31');
INSERT INTO `media_types` (`id`, `name`, `created_at`, `updated_at`) VALUES ('13', 'architecto', '2007-10-13 22:55:51', '1976-07-02 17:51:21');
INSERT INTO `media_types` (`id`, `name`, `created_at`, `updated_at`) VALUES ('14', 'dolorum', '2020-05-27 10:25:41', '1991-08-24 23:31:55');
INSERT INTO `media_types` (`id`, `name`, `created_at`, `updated_at`) VALUES ('15', 'dicta', '2020-02-15 17:22:07', '1996-01-30 10:20:12');
INSERT INTO `media_types` (`id`, `name`, `created_at`, `updated_at`) VALUES ('16', 'voluptate', '2013-04-25 16:38:36', '2018-10-26 03:58:01');
INSERT INTO `media_types` (`id`, `name`, `created_at`, `updated_at`) VALUES ('17', 'rerum', '1993-11-07 12:19:13', '1976-09-09 22:19:02');
INSERT INTO `media_types` (`id`, `name`, `created_at`, `updated_at`) VALUES ('18', 'qui', '2004-10-15 05:51:26', '2020-07-18 12:18:47');
INSERT INTO `media_types` (`id`, `name`, `created_at`, `updated_at`) VALUES ('19', 'eum', '1992-05-29 17:40:15', '1990-01-31 16:02:09');
INSERT INTO `media_types` (`id`, `name`, `created_at`, `updated_at`) VALUES ('20', 'ex', '2020-02-22 17:53:28', '2014-10-24 05:06:37');
INSERT INTO `media_types` (`id`, `name`, `created_at`, `updated_at`) VALUES ('21', 'sunt', '1997-04-03 20:16:47', '2014-04-25 09:00:56');
INSERT INTO `media_types` (`id`, `name`, `created_at`, `updated_at`) VALUES ('22', 'magni', '1978-08-10 04:40:40', '1997-12-08 09:33:54');
INSERT INTO `media_types` (`id`, `name`, `created_at`, `updated_at`) VALUES ('23', 'impedit', '1977-02-25 21:40:57', '1988-03-23 12:47:30');
INSERT INTO `media_types` (`id`, `name`, `created_at`, `updated_at`) VALUES ('24', 'tempora', '1973-01-20 05:56:00', '1979-09-24 13:21:34');
INSERT INTO `media_types` (`id`, `name`, `created_at`, `updated_at`) VALUES ('25', 'accusamus', '1971-11-17 13:23:48', '2019-12-23 06:12:02');
INSERT INTO `media_types` (`id`, `name`, `created_at`, `updated_at`) VALUES ('26', 'at', '1981-05-08 07:01:49', '1984-08-19 04:35:35');
INSERT INTO `media_types` (`id`, `name`, `created_at`, `updated_at`) VALUES ('27', 'reiciendis', '2016-04-27 11:15:54', '1974-05-21 22:55:37');
INSERT INTO `media_types` (`id`, `name`, `created_at`, `updated_at`) VALUES ('28', 'quisquam', '1987-12-02 10:10:37', '2017-06-05 03:13:43');
INSERT INTO `media_types` (`id`, `name`, `created_at`, `updated_at`) VALUES ('29', 'quo', '2018-12-04 18:51:18', '1984-03-14 19:49:28');
INSERT INTO `media_types` (`id`, `name`, `created_at`, `updated_at`) VALUES ('30', 'sapiente', '2012-07-05 12:47:12', '1982-03-15 20:51:25');
INSERT INTO `media_types` (`id`, `name`, `created_at`, `updated_at`) VALUES ('31', 'illum', '2009-11-04 05:44:13', '1989-05-13 16:57:49');
INSERT INTO `media_types` (`id`, `name`, `created_at`, `updated_at`) VALUES ('32', 'enim', '2004-05-03 06:42:24', '1998-06-21 17:06:18');
INSERT INTO `media_types` (`id`, `name`, `created_at`, `updated_at`) VALUES ('33', 'est', '1978-08-31 04:57:54', '1984-07-13 06:17:58');
INSERT INTO `media_types` (`id`, `name`, `created_at`, `updated_at`) VALUES ('34', 'ut', '1987-01-03 06:00:18', '1992-09-18 17:28:19');
INSERT INTO `media_types` (`id`, `name`, `created_at`, `updated_at`) VALUES ('35', 'assumenda', '1989-12-11 16:53:11', '1985-04-26 18:36:46');
INSERT INTO `media_types` (`id`, `name`, `created_at`, `updated_at`) VALUES ('36', 'quia', '1973-06-24 16:45:31', '1975-08-26 04:50:07');
INSERT INTO `media_types` (`id`, `name`, `created_at`, `updated_at`) VALUES ('37', 'optio', '1999-10-25 09:14:15', '1986-09-25 04:04:29');
INSERT INTO `media_types` (`id`, `name`, `created_at`, `updated_at`) VALUES ('38', 'eveniet', '1992-02-01 09:45:40', '1981-09-20 17:37:47');
INSERT INTO `media_types` (`id`, `name`, `created_at`, `updated_at`) VALUES ('39', 'perspiciatis', '1985-06-08 23:04:12', '1984-05-15 17:11:54');
INSERT INTO `media_types` (`id`, `name`, `created_at`, `updated_at`) VALUES ('40', 'fugit', '2019-04-05 11:10:35', '2013-04-09 00:24:24');
INSERT INTO `media_types` (`id`, `name`, `created_at`, `updated_at`) VALUES ('41', 'in', '1981-08-23 09:04:52', '1976-04-28 10:45:05');
INSERT INTO `media_types` (`id`, `name`, `created_at`, `updated_at`) VALUES ('42', 'laborum', '2004-06-20 22:31:26', '2010-03-24 23:43:05');
INSERT INTO `media_types` (`id`, `name`, `created_at`, `updated_at`) VALUES ('43', 'veniam', '2005-03-19 13:15:47', '2006-03-02 20:14:27');
INSERT INTO `media_types` (`id`, `name`, `created_at`, `updated_at`) VALUES ('44', 'omnis', '1972-07-01 08:02:22', '1983-06-19 12:45:22');
INSERT INTO `media_types` (`id`, `name`, `created_at`, `updated_at`) VALUES ('45', 'eligendi', '2004-11-14 04:37:56', '1975-09-16 06:11:24');
INSERT INTO `media_types` (`id`, `name`, `created_at`, `updated_at`) VALUES ('46', 'non', '1981-08-06 18:36:57', '2013-09-14 18:33:35');
INSERT INTO `media_types` (`id`, `name`, `created_at`, `updated_at`) VALUES ('47', 'laboriosam', '1982-02-06 05:52:35', '1994-05-17 04:49:21');
INSERT INTO `media_types` (`id`, `name`, `created_at`, `updated_at`) VALUES ('48', 'beatae', '1993-02-03 08:55:08', '1997-11-03 22:02:15');
INSERT INTO `media_types` (`id`, `name`, `created_at`, `updated_at`) VALUES ('49', 'corporis', '2004-09-24 20:41:16', '1985-08-20 15:56:50');
INSERT INTO `media_types` (`id`, `name`, `created_at`, `updated_at`) VALUES ('50', 'adipisci', '2001-08-29 21:59:39', '1987-10-10 09:52:01');
INSERT INTO `media_types` (`id`, `name`, `created_at`, `updated_at`) VALUES ('51', 'dignissimos', '1999-02-17 01:50:24', '2017-10-13 12:37:33');
INSERT INTO `media_types` (`id`, `name`, `created_at`, `updated_at`) VALUES ('52', 'veritatis', '2000-09-19 02:23:28', '1973-11-01 15:14:05');
INSERT INTO `media_types` (`id`, `name`, `created_at`, `updated_at`) VALUES ('53', 'ratione', '2014-03-09 01:44:58', '2005-05-06 08:48:55');
INSERT INTO `media_types` (`id`, `name`, `created_at`, `updated_at`) VALUES ('54', 'officia', '2010-03-23 16:06:39', '1976-07-27 13:22:22');
INSERT INTO `media_types` (`id`, `name`, `created_at`, `updated_at`) VALUES ('55', 'delectus', '1971-12-14 07:22:47', '2019-05-17 06:41:43');
INSERT INTO `media_types` (`id`, `name`, `created_at`, `updated_at`) VALUES ('56', 'id', '1991-11-16 11:20:00', '1991-11-16 03:56:43');
INSERT INTO `media_types` (`id`, `name`, `created_at`, `updated_at`) VALUES ('57', 'ipsam', '2016-02-20 05:55:43', '2016-09-03 05:14:13');
INSERT INTO `media_types` (`id`, `name`, `created_at`, `updated_at`) VALUES ('58', 'nam', '2006-02-22 11:55:09', '1997-06-27 13:24:32');
INSERT INTO `media_types` (`id`, `name`, `created_at`, `updated_at`) VALUES ('59', 'nobis', '2017-12-29 02:49:51', '1986-04-29 15:45:19');
INSERT INTO `media_types` (`id`, `name`, `created_at`, `updated_at`) VALUES ('60', 'perferendis', '2003-03-13 03:49:52', '2009-09-09 14:31:10');
INSERT INTO `media_types` (`id`, `name`, `created_at`, `updated_at`) VALUES ('61', 'debitis', '2000-03-18 04:46:10', '1971-03-11 14:24:15');
INSERT INTO `media_types` (`id`, `name`, `created_at`, `updated_at`) VALUES ('62', 'dolore', '1979-04-13 12:54:47', '1981-04-26 11:31:52');
INSERT INTO `media_types` (`id`, `name`, `created_at`, `updated_at`) VALUES ('63', 'sint', '1986-09-15 01:57:44', '2019-05-31 08:56:05');
INSERT INTO `media_types` (`id`, `name`, `created_at`, `updated_at`) VALUES ('64', 'recusandae', '1986-10-28 18:51:22', '2000-09-29 23:42:45');
INSERT INTO `media_types` (`id`, `name`, `created_at`, `updated_at`) VALUES ('65', 'repellendus', '2018-12-15 20:51:49', '1985-08-12 07:39:44');
INSERT INTO `media_types` (`id`, `name`, `created_at`, `updated_at`) VALUES ('66', 'eius', '2007-03-02 14:51:04', '2007-10-26 09:25:41');
INSERT INTO `media_types` (`id`, `name`, `created_at`, `updated_at`) VALUES ('67', 'natus', '2019-12-13 15:58:11', '2005-01-16 20:06:39');
INSERT INTO `media_types` (`id`, `name`, `created_at`, `updated_at`) VALUES ('68', 'praesentium', '2016-09-15 09:41:00', '1997-03-18 22:01:00');
INSERT INTO `media_types` (`id`, `name`, `created_at`, `updated_at`) VALUES ('69', 'ducimus', '2016-06-27 20:08:58', '2011-10-02 07:31:18');
INSERT INTO `media_types` (`id`, `name`, `created_at`, `updated_at`) VALUES ('70', 'numquam', '2004-03-01 01:16:34', '1977-06-13 08:16:18');
INSERT INTO `media_types` (`id`, `name`, `created_at`, `updated_at`) VALUES ('71', 'neque', '2016-12-03 17:43:41', '2006-08-22 08:44:38');
INSERT INTO `media_types` (`id`, `name`, `created_at`, `updated_at`) VALUES ('72', 'earum', '1995-11-30 23:04:28', '1976-06-06 00:40:33');
INSERT INTO `media_types` (`id`, `name`, `created_at`, `updated_at`) VALUES ('73', 'necessitatibus', '2004-03-05 05:48:13', '2012-03-13 12:10:05');
INSERT INTO `media_types` (`id`, `name`, `created_at`, `updated_at`) VALUES ('74', 'culpa', '1998-10-30 12:59:47', '1974-08-08 17:19:13');
INSERT INTO `media_types` (`id`, `name`, `created_at`, `updated_at`) VALUES ('75', 'repudiandae', '2012-01-23 18:06:05', '2007-09-23 11:03:02');
INSERT INTO `media_types` (`id`, `name`, `created_at`, `updated_at`) VALUES ('76', 'dolores', '2002-04-12 11:24:53', '2010-10-15 11:56:27');
INSERT INTO `media_types` (`id`, `name`, `created_at`, `updated_at`) VALUES ('77', 'magnam', '2014-06-11 04:17:04', '1986-06-29 05:14:57');
INSERT INTO `media_types` (`id`, `name`, `created_at`, `updated_at`) VALUES ('78', 'nisi', '2002-03-18 00:57:23', '1981-06-15 10:37:34');
INSERT INTO `media_types` (`id`, `name`, `created_at`, `updated_at`) VALUES ('79', 'aliquam', '2020-04-17 21:59:12', '1975-09-17 23:08:19');
INSERT INTO `media_types` (`id`, `name`, `created_at`, `updated_at`) VALUES ('80', 'asperiores', '2005-08-15 14:08:31', '2020-08-11 08:33:36');
INSERT INTO `media_types` (`id`, `name`, `created_at`, `updated_at`) VALUES ('81', 'deserunt', '2007-08-22 03:40:52', '2000-12-27 19:46:28');
INSERT INTO `media_types` (`id`, `name`, `created_at`, `updated_at`) VALUES ('82', 'soluta', '1973-03-07 06:14:59', '2008-10-26 20:55:37');
INSERT INTO `media_types` (`id`, `name`, `created_at`, `updated_at`) VALUES ('83', 'alias', '1995-07-14 16:12:21', '1971-03-15 06:03:35');
INSERT INTO `media_types` (`id`, `name`, `created_at`, `updated_at`) VALUES ('84', 'possimus', '2019-11-22 14:43:37', '2000-09-10 20:51:43');
INSERT INTO `media_types` (`id`, `name`, `created_at`, `updated_at`) VALUES ('85', 'sit', '2008-03-28 19:46:23', '1994-05-28 23:40:57');
INSERT INTO `media_types` (`id`, `name`, `created_at`, `updated_at`) VALUES ('86', 'molestiae', '1998-09-15 07:34:33', '1977-05-27 00:31:17');
INSERT INTO `media_types` (`id`, `name`, `created_at`, `updated_at`) VALUES ('87', 'officiis', '1982-10-29 06:48:21', '1998-03-21 18:27:15');
INSERT INTO `media_types` (`id`, `name`, `created_at`, `updated_at`) VALUES ('88', 'quas', '2004-06-10 22:32:45', '1988-10-10 20:16:05');
INSERT INTO `media_types` (`id`, `name`, `created_at`, `updated_at`) VALUES ('89', 'ipsa', '1988-05-30 17:46:18', '2020-06-25 08:42:58');
INSERT INTO `media_types` (`id`, `name`, `created_at`, `updated_at`) VALUES ('90', 'doloribus', '1993-03-19 20:11:21', '1970-06-02 10:58:38');
INSERT INTO `media_types` (`id`, `name`, `created_at`, `updated_at`) VALUES ('91', 'minima', '2014-07-04 10:14:14', '1975-03-12 22:24:30');
INSERT INTO `media_types` (`id`, `name`, `created_at`, `updated_at`) VALUES ('92', 'similique', '2007-08-07 15:52:29', '1997-01-12 04:05:36');
INSERT INTO `media_types` (`id`, `name`, `created_at`, `updated_at`) VALUES ('93', 'itaque', '1993-07-18 21:55:32', '1977-10-04 03:55:48');
INSERT INTO `media_types` (`id`, `name`, `created_at`, `updated_at`) VALUES ('94', 'rem', '2003-09-06 05:14:39', '1984-09-10 21:15:50');
INSERT INTO `media_types` (`id`, `name`, `created_at`, `updated_at`) VALUES ('95', 'vitae', '2000-12-18 18:34:21', '1979-11-01 01:38:22');
INSERT INTO `media_types` (`id`, `name`, `created_at`, `updated_at`) VALUES ('96', 'consequatur', '1970-06-20 08:59:21', '2017-06-07 23:36:45');
INSERT INTO `media_types` (`id`, `name`, `created_at`, `updated_at`) VALUES ('97', 'ea', '1981-11-18 02:58:32', '1981-08-03 02:12:52');
INSERT INTO `media_types` (`id`, `name`, `created_at`, `updated_at`) VALUES ('98', 'quos', '2020-07-21 22:04:35', '2011-06-12 05:37:06');
INSERT INTO `media_types` (`id`, `name`, `created_at`, `updated_at`) VALUES ('99', 'a', '2007-10-27 10:13:31', '2002-06-06 16:20:48');
INSERT INTO `media_types` (`id`, `name`, `created_at`, `updated_at`) VALUES ('100', 'blanditiis', '1991-10-12 10:53:23', '1984-07-05 11:02:56');


#
# TABLE STRUCTURE FOR: messages
#

DROP TABLE IF EXISTS `messages`;

CREATE TABLE `messages` (
  `id` bigint(20) unsigned NOT NULL AUTO_INCREMENT COMMENT 'Идентификатор строки',
  `from_user_id` int(10) unsigned NOT NULL COMMENT 'Ссылка на отправителя сообщения',
  `to_user_id` int(10) unsigned NOT NULL COMMENT 'Ссылка на получателя сообщения',
  `body` text COLLATE utf8_unicode_ci NOT NULL COMMENT 'Текст сообщения',
  `is_important` tinyint(1) DEFAULT NULL COMMENT 'Признак важности',
  `is_delivered` tinyint(1) DEFAULT NULL COMMENT 'Признак доставки',
  `created_at` datetime NOT NULL DEFAULT current_timestamp() COMMENT 'Время создания строки',
  `updated_at` datetime DEFAULT current_timestamp() ON UPDATE current_timestamp() COMMENT 'Время обновления строки',
  UNIQUE KEY `id` (`id`)
) ENGINE=InnoDB AUTO_INCREMENT=101 DEFAULT CHARSET=utf8 COLLATE=utf8_unicode_ci COMMENT='Сообщения';

INSERT INTO `messages` (`id`, `from_user_id`, `to_user_id`, `body`, `is_important`, `is_delivered`, `created_at`, `updated_at`) VALUES ('1', 1, 1, 'Mollitia libero vel eos itaque voluptas omnis. Occaecati voluptas at quis omnis adipisci. Unde qui perspiciatis deserunt.', 0, 0, '2015-06-13 07:31:12', '2018-04-14 22:58:32');
INSERT INTO `messages` (`id`, `from_user_id`, `to_user_id`, `body`, `is_important`, `is_delivered`, `created_at`, `updated_at`) VALUES ('2', 2, 2, 'Consequatur rerum tenetur magnam nam voluptatibus. Ipsum aut sint vitae autem omnis. Ducimus molestias neque ad vitae veritatis quod veritatis totam. Amet aperiam voluptates a nisi.', 1, 1, '2020-08-12 12:45:15', '2018-03-18 17:46:59');
INSERT INTO `messages` (`id`, `from_user_id`, `to_user_id`, `body`, `is_important`, `is_delivered`, `created_at`, `updated_at`) VALUES ('3', 3, 3, 'Qui et dolorem veritatis consequatur aut. Ea iste nihil temporibus nihil sequi ea ducimus. Quis et harum dolores rerum similique. Est quam nihil enim incidunt pariatur aperiam cupiditate.', 1, 0, '2019-10-27 11:31:44', '2019-11-01 01:08:21');
INSERT INTO `messages` (`id`, `from_user_id`, `to_user_id`, `body`, `is_important`, `is_delivered`, `created_at`, `updated_at`) VALUES ('4', 4, 4, 'Explicabo dolorem non ex voluptates. Sequi tempore ab vitae. Repellendus sequi fugiat assumenda iusto qui tenetur omnis recusandae. Iure eum nobis et quibusdam quis consequatur.', 1, 1, '2011-07-07 07:09:59', '2014-03-20 01:23:11');
INSERT INTO `messages` (`id`, `from_user_id`, `to_user_id`, `body`, `is_important`, `is_delivered`, `created_at`, `updated_at`) VALUES ('5', 5, 5, 'Velit nam nostrum aut molestias culpa. Autem non eum ea modi. Perferendis omnis ea cum minus et itaque molestias.', 0, 1, '2016-06-07 17:22:09', '2011-12-22 11:48:29');
INSERT INTO `messages` (`id`, `from_user_id`, `to_user_id`, `body`, `is_important`, `is_delivered`, `created_at`, `updated_at`) VALUES ('6', 6, 6, 'Molestiae repellat dolor sequi voluptatem recusandae repudiandae. Voluptatum sed molestias et sunt dicta earum ab. Saepe temporibus et nobis iste quisquam. Repudiandae eos iste eos eligendi sit.', 0, 0, '2012-05-28 08:58:35', '2013-05-22 02:38:15');
INSERT INTO `messages` (`id`, `from_user_id`, `to_user_id`, `body`, `is_important`, `is_delivered`, `created_at`, `updated_at`) VALUES ('7', 7, 7, 'Nemo nesciunt temporibus voluptatum reiciendis qui. Ducimus sit ut optio molestias. Neque et neque unde.', 0, 0, '2016-02-03 06:20:17', '2018-06-19 09:12:41');
INSERT INTO `messages` (`id`, `from_user_id`, `to_user_id`, `body`, `is_important`, `is_delivered`, `created_at`, `updated_at`) VALUES ('8', 8, 8, 'Quidem et repudiandae et numquam ducimus rerum fuga. Natus veniam corporis consequatur et saepe.\nEaque debitis est reprehenderit in nulla error ut. Nisi veritatis qui dolorem autem.', 0, 1, '2013-06-24 17:12:40', '2013-04-22 07:01:28');
INSERT INTO `messages` (`id`, `from_user_id`, `to_user_id`, `body`, `is_important`, `is_delivered`, `created_at`, `updated_at`) VALUES ('9', 9, 9, 'Sit debitis et est hic. Et culpa dolores consequatur at voluptatum dolorem. Et sint omnis molestiae dolore omnis vel. Incidunt et maxime nihil et dolores vel.', 1, 1, '2018-08-21 12:00:07', '2015-05-27 01:34:57');
INSERT INTO `messages` (`id`, `from_user_id`, `to_user_id`, `body`, `is_important`, `is_delivered`, `created_at`, `updated_at`) VALUES ('10', 10, 10, 'Et ea doloribus corporis sunt mollitia. Quia aut et quis repudiandae rerum. Quia tempore placeat et voluptas voluptas rerum.', 0, 1, '2016-03-28 21:39:54', '2016-01-24 08:29:02');
INSERT INTO `messages` (`id`, `from_user_id`, `to_user_id`, `body`, `is_important`, `is_delivered`, `created_at`, `updated_at`) VALUES ('11', 11, 11, 'Nobis dolor et culpa aut dolorem et ut. Eius aut voluptate fugiat nihil porro. Magni est id quam quidem minus atque veritatis.', 1, 1, '2012-05-16 22:43:05', '2020-04-14 09:32:16');
INSERT INTO `messages` (`id`, `from_user_id`, `to_user_id`, `body`, `is_important`, `is_delivered`, `created_at`, `updated_at`) VALUES ('12', 12, 12, 'Adipisci consequatur quod similique est rem tenetur. Non eveniet in in repellat et. Magni modi iusto aliquam autem ut qui odit. Alias a quae perferendis. Aliquid ullam illum et fuga porro ad.', 1, 0, '2013-10-24 20:05:53', '2013-02-02 13:14:55');
INSERT INTO `messages` (`id`, `from_user_id`, `to_user_id`, `body`, `is_important`, `is_delivered`, `created_at`, `updated_at`) VALUES ('13', 13, 13, 'Aperiam maxime saepe incidunt. Eaque ut quos consequatur laudantium fuga doloribus ab. Cum eaque consequatur quia aut recusandae. Placeat harum id placeat aut. Voluptatem natus aut aut nesciunt.', 1, 0, '2016-11-03 08:53:51', '2015-05-15 00:18:04');
INSERT INTO `messages` (`id`, `from_user_id`, `to_user_id`, `body`, `is_important`, `is_delivered`, `created_at`, `updated_at`) VALUES ('14', 14, 14, 'Ut velit alias possimus vel. Numquam aspernatur repudiandae itaque qui. Placeat perspiciatis quasi vitae sequi dolores optio numquam. Dolorum et perferendis odio enim sit optio tenetur inventore.', 0, 0, '2014-10-19 18:50:56', '2014-07-23 04:13:54');
INSERT INTO `messages` (`id`, `from_user_id`, `to_user_id`, `body`, `is_important`, `is_delivered`, `created_at`, `updated_at`) VALUES ('15', 15, 15, 'Officiis mollitia impedit commodi blanditiis laboriosam. Mollitia error quo aspernatur voluptatem sapiente recusandae ab. Voluptates eum ut velit ea voluptatibus inventore ratione ut.', 0, 0, '2015-04-09 06:50:38', '2020-09-21 04:11:25');
INSERT INTO `messages` (`id`, `from_user_id`, `to_user_id`, `body`, `is_important`, `is_delivered`, `created_at`, `updated_at`) VALUES ('16', 16, 16, 'Laboriosam nostrum et et quis aut quia. Ipsum id aperiam aspernatur voluptatibus.', 1, 1, '2020-03-24 04:31:56', '2014-03-09 22:26:48');
INSERT INTO `messages` (`id`, `from_user_id`, `to_user_id`, `body`, `is_important`, `is_delivered`, `created_at`, `updated_at`) VALUES ('17', 17, 17, 'Ratione laudantium vel excepturi iste. Ut dolores occaecati omnis ut nemo dignissimos voluptas. Molestias dolor qui quas distinctio omnis. Eum autem quis minus quos libero non suscipit omnis.', 0, 0, '2020-09-27 18:49:24', '2018-08-02 10:57:55');
INSERT INTO `messages` (`id`, `from_user_id`, `to_user_id`, `body`, `is_important`, `is_delivered`, `created_at`, `updated_at`) VALUES ('18', 18, 18, 'Magnam et et nobis cum. Rem et rem dolorem voluptatem esse rerum sed. Quasi ab et et. Ratione impedit nobis libero magnam culpa quidem rerum.', 1, 0, '2011-04-13 02:55:13', '2013-02-22 23:01:56');
INSERT INTO `messages` (`id`, `from_user_id`, `to_user_id`, `body`, `is_important`, `is_delivered`, `created_at`, `updated_at`) VALUES ('19', 19, 19, 'Quam tempora id distinctio sit est. Molestiae nobis sequi voluptatem tempora fuga tempore. Et expedita temporibus aliquam assumenda id accusamus quia. Magni nam harum ut fugiat quasi eius dolores.', 0, 0, '2013-04-06 04:50:05', '2011-08-18 03:31:11');
INSERT INTO `messages` (`id`, `from_user_id`, `to_user_id`, `body`, `is_important`, `is_delivered`, `created_at`, `updated_at`) VALUES ('20', 20, 20, 'Voluptatem sunt ipsam quis eaque non. Eius quas necessitatibus sint eos aut enim. Reprehenderit voluptates quaerat voluptatem fuga facere. Beatae est facilis laudantium modi.', 0, 0, '2016-05-12 20:27:10', '2020-10-19 13:12:53');
INSERT INTO `messages` (`id`, `from_user_id`, `to_user_id`, `body`, `is_important`, `is_delivered`, `created_at`, `updated_at`) VALUES ('21', 21, 21, 'Esse qui ad minus at est voluptatem at. Non voluptatum sed recusandae beatae aut placeat repudiandae. Est magnam repellat ut molestiae quas.', 0, 1, '2012-04-06 02:42:42', '2017-08-28 17:38:58');
INSERT INTO `messages` (`id`, `from_user_id`, `to_user_id`, `body`, `is_important`, `is_delivered`, `created_at`, `updated_at`) VALUES ('22', 22, 22, 'Qui a et eum sunt sit voluptatibus perferendis. Qui id sed sequi perspiciatis. Numquam eveniet in possimus rerum reiciendis totam sit itaque. Maxime qui rerum eum.', 1, 0, '2014-12-20 03:27:35', '2013-02-07 02:35:40');
INSERT INTO `messages` (`id`, `from_user_id`, `to_user_id`, `body`, `is_important`, `is_delivered`, `created_at`, `updated_at`) VALUES ('23', 23, 23, 'Est at fuga eveniet consectetur. Suscipit quam odio sit incidunt nulla quidem. Odit ipsum nihil dicta non. Sit rerum placeat deleniti tenetur ad aut.', 1, 0, '2015-05-11 15:27:58', '2014-01-26 03:26:53');
INSERT INTO `messages` (`id`, `from_user_id`, `to_user_id`, `body`, `is_important`, `is_delivered`, `created_at`, `updated_at`) VALUES ('24', 24, 24, 'Officiis laborum ut sit quaerat. Nobis numquam molestiae veritatis ut. Et dolores sed consectetur culpa eaque quo non.', 1, 1, '2017-01-10 03:30:52', '2014-09-14 15:26:54');
INSERT INTO `messages` (`id`, `from_user_id`, `to_user_id`, `body`, `is_important`, `is_delivered`, `created_at`, `updated_at`) VALUES ('25', 25, 25, 'Corrupti officia optio laudantium ipsum. Nostrum aut velit magnam iusto voluptas inventore. Amet temporibus vel qui accusamus.', 1, 1, '2019-12-19 18:06:50', '2017-03-27 03:57:50');
INSERT INTO `messages` (`id`, `from_user_id`, `to_user_id`, `body`, `is_important`, `is_delivered`, `created_at`, `updated_at`) VALUES ('26', 26, 26, 'Reprehenderit quo sed quisquam possimus. Rerum quod distinctio totam illum eos. Eaque nihil cupiditate aperiam.', 1, 1, '2016-06-26 08:50:46', '2013-09-16 05:23:06');
INSERT INTO `messages` (`id`, `from_user_id`, `to_user_id`, `body`, `is_important`, `is_delivered`, `created_at`, `updated_at`) VALUES ('27', 27, 27, 'Enim cupiditate id soluta at nemo nemo quae. Mollitia id blanditiis odio rem. Quaerat totam et libero ex nemo placeat sint.', 1, 0, '2011-08-13 08:27:07', '2016-07-09 21:05:03');
INSERT INTO `messages` (`id`, `from_user_id`, `to_user_id`, `body`, `is_important`, `is_delivered`, `created_at`, `updated_at`) VALUES ('28', 28, 28, 'Delectus eos delectus eligendi magni tenetur earum. Autem delectus hic totam odio maxime dolore. Animi distinctio quasi deleniti dolore illo dicta maiores.', 0, 0, '2019-04-06 03:30:18', '2016-02-28 03:41:55');
INSERT INTO `messages` (`id`, `from_user_id`, `to_user_id`, `body`, `is_important`, `is_delivered`, `created_at`, `updated_at`) VALUES ('29', 29, 29, 'Voluptas vel ea rerum ipsa aut molestias molestiae. Praesentium qui saepe dolor quos impedit. Quod natus est eligendi itaque magnam natus.', 1, 1, '2012-05-14 16:05:04', '2011-10-27 12:10:57');
INSERT INTO `messages` (`id`, `from_user_id`, `to_user_id`, `body`, `is_important`, `is_delivered`, `created_at`, `updated_at`) VALUES ('30', 30, 30, 'Ab voluptatem ut quas enim laboriosam. Est et qui nihil amet. Et non consequatur maiores velit quisquam laboriosam.', 0, 1, '2016-11-09 10:26:01', '2018-08-19 12:16:09');
INSERT INTO `messages` (`id`, `from_user_id`, `to_user_id`, `body`, `is_important`, `is_delivered`, `created_at`, `updated_at`) VALUES ('31', 31, 31, 'Nostrum et voluptatem incidunt est ullam. Vel blanditiis asperiores labore alias quod. Vel dolorem rerum et dolore aut. Quod qui deserunt beatae tempore autem in eum.', 0, 1, '2011-03-17 16:34:11', '2018-02-13 16:58:39');
INSERT INTO `messages` (`id`, `from_user_id`, `to_user_id`, `body`, `is_important`, `is_delivered`, `created_at`, `updated_at`) VALUES ('32', 32, 32, 'Blanditiis ut fuga dignissimos blanditiis ducimus. Tempora iure excepturi dignissimos mollitia blanditiis earum mollitia. Aperiam itaque est aliquam. Ut velit sequi cum est.', 0, 1, '2013-11-21 07:43:13', '2013-02-19 18:23:05');
INSERT INTO `messages` (`id`, `from_user_id`, `to_user_id`, `body`, `is_important`, `is_delivered`, `created_at`, `updated_at`) VALUES ('33', 33, 33, 'Labore consequatur molestiae dicta quos ut. Pariatur magnam ipsum aut eaque adipisci facere aut. Dolor quas fugiat illo rem exercitationem.', 1, 1, '2016-04-01 14:04:56', '2011-01-09 14:19:59');
INSERT INTO `messages` (`id`, `from_user_id`, `to_user_id`, `body`, `is_important`, `is_delivered`, `created_at`, `updated_at`) VALUES ('34', 34, 34, 'Non labore reiciendis sed sit ut tempora exercitationem. Nostrum et dolorum eum quod voluptas culpa. Deleniti repellendus dolores dolorum. Quae deserunt necessitatibus quo fugit.', 0, 0, '2018-06-12 00:48:29', '2017-03-26 08:53:00');
INSERT INTO `messages` (`id`, `from_user_id`, `to_user_id`, `body`, `is_important`, `is_delivered`, `created_at`, `updated_at`) VALUES ('35', 35, 35, 'Quia consectetur nulla ipsum asperiores minima numquam. Autem magnam fugiat qui et quasi sit. Porro et in dolore asperiores dolore voluptatem.', 1, 0, '2015-05-14 23:59:36', '2019-05-27 15:15:01');
INSERT INTO `messages` (`id`, `from_user_id`, `to_user_id`, `body`, `is_important`, `is_delivered`, `created_at`, `updated_at`) VALUES ('36', 36, 36, 'Libero officia temporibus ipsa est ipsa aspernatur quos. Qui enim esse totam cum iusto. Reprehenderit odit sint maiores rerum dignissimos officiis.', 1, 1, '2017-02-11 15:10:19', '2019-01-29 01:44:04');
INSERT INTO `messages` (`id`, `from_user_id`, `to_user_id`, `body`, `is_important`, `is_delivered`, `created_at`, `updated_at`) VALUES ('37', 37, 37, 'Qui voluptatibus impedit et non et fugiat nam. Cumque nemo facilis est a et consectetur veniam. Amet in eligendi voluptas et. Blanditiis dolor est facilis amet sunt minus aut.', 0, 1, '2020-11-27 18:31:53', '2014-02-16 08:29:42');
INSERT INTO `messages` (`id`, `from_user_id`, `to_user_id`, `body`, `is_important`, `is_delivered`, `created_at`, `updated_at`) VALUES ('38', 38, 38, 'Fuga libero odit expedita similique. Ut est voluptas sed. Impedit aperiam qui fuga numquam in. Possimus harum distinctio nesciunt velit.', 0, 0, '2014-01-06 04:44:05', '2020-05-06 10:25:11');
INSERT INTO `messages` (`id`, `from_user_id`, `to_user_id`, `body`, `is_important`, `is_delivered`, `created_at`, `updated_at`) VALUES ('39', 39, 39, 'Cum quis provident qui vero ipsum est. Alias aut mollitia ipsum alias eveniet.\nQui corporis fugit quo non. Qui dolores fugiat maxime consequatur iure. Omnis quas consequatur a vitae tenetur.', 1, 1, '2020-11-07 03:02:16', '2016-11-09 10:03:36');
INSERT INTO `messages` (`id`, `from_user_id`, `to_user_id`, `body`, `is_important`, `is_delivered`, `created_at`, `updated_at`) VALUES ('40', 40, 40, 'Possimus animi est autem autem asperiores sed sunt. In eum excepturi repellat odit. Placeat voluptatem sit eligendi quis laudantium magnam.', 1, 0, '2012-01-10 22:07:36', '2019-05-17 09:12:41');
INSERT INTO `messages` (`id`, `from_user_id`, `to_user_id`, `body`, `is_important`, `is_delivered`, `created_at`, `updated_at`) VALUES ('41', 41, 41, 'Quod sequi voluptas et excepturi. Illo rerum et quis consectetur est esse. Facere autem id quae voluptatem praesentium.', 0, 0, '2014-05-31 03:40:57', '2018-11-14 12:39:12');
INSERT INTO `messages` (`id`, `from_user_id`, `to_user_id`, `body`, `is_important`, `is_delivered`, `created_at`, `updated_at`) VALUES ('42', 42, 42, 'Optio qui deleniti rerum molestias omnis. Voluptatem culpa voluptatem odit rerum aut excepturi. Quo accusamus libero autem. Quae id libero odit blanditiis.', 0, 0, '2013-09-18 04:47:03', '2017-11-12 08:46:57');
INSERT INTO `messages` (`id`, `from_user_id`, `to_user_id`, `body`, `is_important`, `is_delivered`, `created_at`, `updated_at`) VALUES ('43', 43, 43, 'Ratione qui provident aut natus. Beatae accusamus sed architecto ducimus excepturi consectetur rerum non. Rerum vitae enim quas veniam asperiores et.', 1, 0, '2013-01-15 22:16:47', '2016-10-03 03:50:08');
INSERT INTO `messages` (`id`, `from_user_id`, `to_user_id`, `body`, `is_important`, `is_delivered`, `created_at`, `updated_at`) VALUES ('44', 44, 44, 'Aut totam dolores provident assumenda asperiores. Repellat enim sit maiores fuga. Nihil quasi ab qui deleniti earum.', 1, 0, '2014-06-02 11:41:25', '2020-07-08 07:21:34');
INSERT INTO `messages` (`id`, `from_user_id`, `to_user_id`, `body`, `is_important`, `is_delivered`, `created_at`, `updated_at`) VALUES ('45', 45, 45, 'Facilis atque sint earum et. Ex aut qui expedita quia eum est accusamus excepturi. Dolorem dignissimos explicabo et. Aspernatur id eum consequuntur et error.', 1, 0, '2018-07-24 08:40:15', '2019-02-22 21:09:42');
INSERT INTO `messages` (`id`, `from_user_id`, `to_user_id`, `body`, `is_important`, `is_delivered`, `created_at`, `updated_at`) VALUES ('46', 46, 46, 'Labore porro sed quisquam. Rerum iusto numquam maiores velit velit error est perferendis. Incidunt ad voluptatem voluptas numquam corporis rem cupiditate. Esse sunt maiores et.', 0, 0, '2013-12-18 19:51:00', '2013-06-23 02:19:02');
INSERT INTO `messages` (`id`, `from_user_id`, `to_user_id`, `body`, `is_important`, `is_delivered`, `created_at`, `updated_at`) VALUES ('47', 47, 47, 'Dicta saepe est voluptas est culpa. Animi aut vel sapiente consequatur eos. Quis occaecati sed consequatur.', 1, 0, '2015-06-29 16:56:10', '2015-12-19 21:06:04');
INSERT INTO `messages` (`id`, `from_user_id`, `to_user_id`, `body`, `is_important`, `is_delivered`, `created_at`, `updated_at`) VALUES ('48', 48, 48, 'Incidunt ea ex ab omnis sint vero provident. Ut quam aut facere aperiam. Repudiandae iusto tempora aut et iure. Natus asperiores velit enim et architecto.', 0, 0, '2012-02-02 11:45:28', '2017-04-10 16:51:12');
INSERT INTO `messages` (`id`, `from_user_id`, `to_user_id`, `body`, `is_important`, `is_delivered`, `created_at`, `updated_at`) VALUES ('49', 49, 49, 'Maxime culpa qui vel nihil. Aspernatur eligendi molestiae temporibus laboriosam facilis molestiae natus. Illo consequatur eius autem molestiae.', 1, 1, '2012-04-20 16:50:37', '2011-09-29 11:42:11');
INSERT INTO `messages` (`id`, `from_user_id`, `to_user_id`, `body`, `is_important`, `is_delivered`, `created_at`, `updated_at`) VALUES ('50', 50, 50, 'Voluptatem minus sunt asperiores consequatur error. Ut optio maxime sed aliquid adipisci dolorum.', 0, 0, '2014-04-11 00:01:35', '2019-11-02 13:43:38');
INSERT INTO `messages` (`id`, `from_user_id`, `to_user_id`, `body`, `is_important`, `is_delivered`, `created_at`, `updated_at`) VALUES ('51', 51, 51, 'Eum quasi amet consequatur. Voluptas est doloribus qui vel possimus voluptatem. Ut dicta consectetur architecto eum sit molestias. Quam sed labore velit explicabo eligendi nihil.', 1, 1, '2016-11-16 18:09:46', '2011-04-20 08:51:30');
INSERT INTO `messages` (`id`, `from_user_id`, `to_user_id`, `body`, `is_important`, `is_delivered`, `created_at`, `updated_at`) VALUES ('52', 52, 52, 'Officia ut quia et. Iusto blanditiis alias rem dolorum dolorum optio nihil. Alias aliquam sit dolor quos eaque. Eaque itaque atque reiciendis explicabo.', 1, 1, '2011-07-14 16:44:50', '2020-04-21 10:58:37');
INSERT INTO `messages` (`id`, `from_user_id`, `to_user_id`, `body`, `is_important`, `is_delivered`, `created_at`, `updated_at`) VALUES ('53', 53, 53, 'Animi laborum id non perferendis totam laborum assumenda. Et veniam autem laborum occaecati sunt. Eveniet voluptas aut dolorum.', 1, 1, '2020-05-27 00:53:35', '2017-01-01 09:19:43');
INSERT INTO `messages` (`id`, `from_user_id`, `to_user_id`, `body`, `is_important`, `is_delivered`, `created_at`, `updated_at`) VALUES ('54', 54, 54, 'In fugiat harum amet provident et est veritatis. Vel voluptatibus architecto voluptas officia blanditiis.', 1, 0, '2019-09-01 18:00:49', '2014-12-23 03:57:40');
INSERT INTO `messages` (`id`, `from_user_id`, `to_user_id`, `body`, `is_important`, `is_delivered`, `created_at`, `updated_at`) VALUES ('55', 55, 55, 'Nemo qui quo et porro ea maxime voluptas. Quia mollitia ut et et harum aut. Porro dicta cum eos qui molestias aut molestias beatae.', 1, 0, '2014-09-17 10:41:58', '2015-06-22 01:49:29');
INSERT INTO `messages` (`id`, `from_user_id`, `to_user_id`, `body`, `is_important`, `is_delivered`, `created_at`, `updated_at`) VALUES ('56', 56, 56, 'Sint repellat corrupti non. Minima atque dolor modi eius cumque non. Incidunt sed sint ut animi quis voluptatem.', 1, 0, '2014-03-18 15:40:11', '2020-07-16 02:24:23');
INSERT INTO `messages` (`id`, `from_user_id`, `to_user_id`, `body`, `is_important`, `is_delivered`, `created_at`, `updated_at`) VALUES ('57', 57, 57, 'Iure hic nisi sint corrupti at. Enim explicabo enim magni. Facilis repellendus quia doloribus nihil. Accusantium totam qui atque.', 1, 0, '2015-11-28 08:09:05', '2017-04-06 17:06:05');
INSERT INTO `messages` (`id`, `from_user_id`, `to_user_id`, `body`, `is_important`, `is_delivered`, `created_at`, `updated_at`) VALUES ('58', 58, 58, 'Commodi aliquid non omnis voluptatum quod et. Vel sed dolor aut iste. Ab ut rerum sunt culpa est commodi nulla. Eos animi velit aut eligendi veniam.', 1, 1, '2013-12-07 15:38:18', '2016-07-11 04:36:11');
INSERT INTO `messages` (`id`, `from_user_id`, `to_user_id`, `body`, `is_important`, `is_delivered`, `created_at`, `updated_at`) VALUES ('59', 59, 59, 'Molestiae iure ut et. Commodi velit dolore voluptas adipisci nesciunt eligendi. Non aut quo error iste aliquam. Laudantium impedit recusandae vero.', 1, 1, '2013-08-24 13:32:19', '2016-12-08 22:15:09');
INSERT INTO `messages` (`id`, `from_user_id`, `to_user_id`, `body`, `is_important`, `is_delivered`, `created_at`, `updated_at`) VALUES ('60', 60, 60, 'Omnis quidem rerum voluptate quos error temporibus ea. Atque nesciunt porro maxime qui culpa. Officiis quis corrupti fugit saepe voluptas.', 1, 1, '2019-09-07 18:20:37', '2016-11-13 15:56:36');
INSERT INTO `messages` (`id`, `from_user_id`, `to_user_id`, `body`, `is_important`, `is_delivered`, `created_at`, `updated_at`) VALUES ('61', 61, 61, 'Repudiandae sequi rerum dignissimos cumque. Quia sit molestiae assumenda voluptatem saepe. Odit asperiores quaerat iure assumenda qui saepe. Quia odit ut voluptatem nobis sint atque aut.', 0, 0, '2020-07-20 13:02:30', '2012-01-10 14:19:23');
INSERT INTO `messages` (`id`, `from_user_id`, `to_user_id`, `body`, `is_important`, `is_delivered`, `created_at`, `updated_at`) VALUES ('62', 62, 62, 'Error quo officiis est quod. Quos consectetur tempore sed. Et et assumenda molestiae omnis doloremque quia est. Exercitationem est et est quo veniam nobis nihil.', 0, 0, '2018-07-01 05:16:53', '2014-06-08 09:46:07');
INSERT INTO `messages` (`id`, `from_user_id`, `to_user_id`, `body`, `is_important`, `is_delivered`, `created_at`, `updated_at`) VALUES ('63', 63, 63, 'Eum quas sint distinctio omnis voluptatem aut qui tenetur. Totam inventore autem nihil tempore quia. Esse blanditiis nam quidem nihil est.', 1, 1, '2018-07-13 09:45:33', '2015-06-24 13:56:57');
INSERT INTO `messages` (`id`, `from_user_id`, `to_user_id`, `body`, `is_important`, `is_delivered`, `created_at`, `updated_at`) VALUES ('64', 64, 64, 'Nesciunt eum ut a ipsum id. Sit quisquam inventore doloremque accusamus qui dolores. Perferendis aspernatur voluptas est laborum porro aut.', 0, 1, '2011-03-14 02:11:23', '2012-06-21 08:13:10');
INSERT INTO `messages` (`id`, `from_user_id`, `to_user_id`, `body`, `is_important`, `is_delivered`, `created_at`, `updated_at`) VALUES ('65', 65, 65, 'Recusandae et pariatur eos ullam velit. Adipisci veniam quaerat minus. Earum est reiciendis nihil ullam. Non aut neque dicta reprehenderit modi.', 0, 0, '2019-08-06 10:34:31', '2012-07-27 18:30:50');
INSERT INTO `messages` (`id`, `from_user_id`, `to_user_id`, `body`, `is_important`, `is_delivered`, `created_at`, `updated_at`) VALUES ('66', 66, 66, 'Est incidunt dolores cumque sed. Sunt autem voluptas aut quae accusamus consequatur.', 1, 0, '2018-01-15 07:55:34', '2016-06-05 18:39:53');
INSERT INTO `messages` (`id`, `from_user_id`, `to_user_id`, `body`, `is_important`, `is_delivered`, `created_at`, `updated_at`) VALUES ('67', 67, 67, 'Ut sunt totam a voluptas. Est illo quia sed qui. Est consequatur beatae ea sunt numquam. Tempora eos vero id rerum similique minima totam est.', 1, 0, '2013-06-10 05:35:07', '2020-09-25 03:21:38');
INSERT INTO `messages` (`id`, `from_user_id`, `to_user_id`, `body`, `is_important`, `is_delivered`, `created_at`, `updated_at`) VALUES ('68', 68, 68, 'Eveniet sapiente nisi recusandae autem. Delectus itaque quia et maiores aut qui sed. Facere quas non illo quia.', 0, 1, '2020-10-04 04:19:54', '2016-12-15 06:10:14');
INSERT INTO `messages` (`id`, `from_user_id`, `to_user_id`, `body`, `is_important`, `is_delivered`, `created_at`, `updated_at`) VALUES ('69', 69, 69, 'Repudiandae id omnis et sint pariatur alias eligendi. Saepe quia et nesciunt qui ut possimus laudantium dolore. Molestias praesentium quasi exercitationem ipsum voluptatibus atque.', 1, 1, '2013-11-28 07:58:28', '2020-05-28 00:21:20');
INSERT INTO `messages` (`id`, `from_user_id`, `to_user_id`, `body`, `is_important`, `is_delivered`, `created_at`, `updated_at`) VALUES ('70', 70, 70, 'Delectus sit totam quae sunt voluptatem ut et. Molestiae consequatur illo tempora deleniti. Tempore mollitia sunt placeat consectetur numquam natus.', 1, 0, '2012-12-06 22:17:34', '2011-05-31 05:29:38');
INSERT INTO `messages` (`id`, `from_user_id`, `to_user_id`, `body`, `is_important`, `is_delivered`, `created_at`, `updated_at`) VALUES ('71', 71, 71, 'Qui sit quod ipsam. Voluptate repellat alias est facilis neque alias consequatur. Nihil at molestias quae.', 1, 0, '2020-05-03 16:24:08', '2012-07-22 04:11:43');
INSERT INTO `messages` (`id`, `from_user_id`, `to_user_id`, `body`, `is_important`, `is_delivered`, `created_at`, `updated_at`) VALUES ('72', 72, 72, 'Eos nulla quas soluta aut eum expedita blanditiis et. Quibusdam est cupiditate sit quasi nobis est velit. Nostrum facilis veritatis hic vitae quidem quis fugiat.', 0, 0, '2011-10-20 22:32:59', '2012-12-15 05:35:59');
INSERT INTO `messages` (`id`, `from_user_id`, `to_user_id`, `body`, `is_important`, `is_delivered`, `created_at`, `updated_at`) VALUES ('73', 73, 73, 'In consequuntur incidunt sit odit laudantium. Voluptatem et explicabo ratione nam ipsum. Id sed voluptas rem quis vitae.', 0, 0, '2014-08-30 07:25:26', '2015-02-19 22:48:22');
INSERT INTO `messages` (`id`, `from_user_id`, `to_user_id`, `body`, `is_important`, `is_delivered`, `created_at`, `updated_at`) VALUES ('74', 74, 74, 'Sint sapiente iure soluta aut ipsa ducimus. Est magni optio error optio eos ut. Minima molestias eos reiciendis iste omnis iusto. Sequi rem non dolorem ut et asperiores.', 0, 1, '2018-06-01 05:57:07', '2012-11-02 04:49:20');
INSERT INTO `messages` (`id`, `from_user_id`, `to_user_id`, `body`, `is_important`, `is_delivered`, `created_at`, `updated_at`) VALUES ('75', 75, 75, 'Molestias quis alias consequatur ad unde iste. Incidunt corrupti quo ipsa cupiditate. Ut doloremque ipsam ea et culpa ipsum.', 0, 1, '2011-11-24 20:26:13', '2020-11-08 05:50:39');
INSERT INTO `messages` (`id`, `from_user_id`, `to_user_id`, `body`, `is_important`, `is_delivered`, `created_at`, `updated_at`) VALUES ('76', 76, 76, 'Officiis suscipit id rem ipsa suscipit quo. Et sint ut libero quasi reprehenderit qui blanditiis. Cupiditate omnis dolorem dicta rerum nesciunt.', 1, 1, '2014-09-22 10:27:49', '2012-01-01 07:25:50');
INSERT INTO `messages` (`id`, `from_user_id`, `to_user_id`, `body`, `is_important`, `is_delivered`, `created_at`, `updated_at`) VALUES ('77', 77, 77, 'Ut dolor vel quo autem nobis. Nihil autem quia dolorem nulla sed et. Labore consequuntur nihil molestias placeat soluta. In occaecati quia quo.', 1, 0, '2019-04-24 16:28:40', '2016-10-13 16:41:07');
INSERT INTO `messages` (`id`, `from_user_id`, `to_user_id`, `body`, `is_important`, `is_delivered`, `created_at`, `updated_at`) VALUES ('78', 78, 78, 'Nemo dignissimos reprehenderit iure consequatur autem omnis. Nulla veniam maiores sed quae qui omnis iusto. Est explicabo eligendi illo labore. Non ut quo et numquam esse quo.', 0, 0, '2017-01-12 04:40:01', '2020-03-11 22:12:22');
INSERT INTO `messages` (`id`, `from_user_id`, `to_user_id`, `body`, `is_important`, `is_delivered`, `created_at`, `updated_at`) VALUES ('79', 79, 79, 'Quia temporibus molestiae qui. Consequatur veritatis minus rerum. Itaque dolor commodi incidunt animi voluptatem minima distinctio. Ab possimus totam id illo.', 1, 0, '2016-09-11 00:16:41', '2018-08-28 22:58:28');
INSERT INTO `messages` (`id`, `from_user_id`, `to_user_id`, `body`, `is_important`, `is_delivered`, `created_at`, `updated_at`) VALUES ('80', 80, 80, 'Explicabo sit dolor asperiores voluptas. Reprehenderit aut illum eum aut. Qui provident eum aperiam tempora consectetur.', 0, 1, '2018-10-11 13:23:36', '2017-05-17 00:05:13');
INSERT INTO `messages` (`id`, `from_user_id`, `to_user_id`, `body`, `is_important`, `is_delivered`, `created_at`, `updated_at`) VALUES ('81', 81, 81, 'Et ab libero dicta voluptatem. Vero animi tempore alias assumenda omnis iure reiciendis. Nihil sequi id voluptas nostrum.', 0, 1, '2011-11-15 06:24:19', '2020-07-01 12:20:22');
INSERT INTO `messages` (`id`, `from_user_id`, `to_user_id`, `body`, `is_important`, `is_delivered`, `created_at`, `updated_at`) VALUES ('82', 82, 82, 'Et voluptate est et autem. Blanditiis dolor vel omnis incidunt consequatur sed. Corrupti adipisci voluptates necessitatibus natus rem sed quia tenetur.', 1, 1, '2020-05-19 02:05:03', '2016-04-05 05:51:50');
INSERT INTO `messages` (`id`, `from_user_id`, `to_user_id`, `body`, `is_important`, `is_delivered`, `created_at`, `updated_at`) VALUES ('83', 83, 83, 'Atque accusamus amet quam non laborum harum. Et magni ex est et. Exercitationem mollitia quidem eveniet ipsum esse et accusantium aliquid.', 0, 1, '2019-06-25 20:30:55', '2020-02-03 15:45:29');
INSERT INTO `messages` (`id`, `from_user_id`, `to_user_id`, `body`, `is_important`, `is_delivered`, `created_at`, `updated_at`) VALUES ('84', 84, 84, 'Minus accusamus enim est sed reprehenderit. In rerum officia eaque accusantium ipsa voluptate commodi. Vel reiciendis consequuntur et in quo officiis.', 1, 0, '2017-01-22 18:19:11', '2016-05-19 14:29:40');
INSERT INTO `messages` (`id`, `from_user_id`, `to_user_id`, `body`, `is_important`, `is_delivered`, `created_at`, `updated_at`) VALUES ('85', 85, 85, 'Eos sed quibusdam reprehenderit odio ad. At est aut est similique unde. Fugiat neque commodi quaerat consequuntur voluptatem hic aut quis. Ducimus sunt soluta a modi.', 1, 1, '2014-12-16 23:07:24', '2019-06-12 23:40:51');
INSERT INTO `messages` (`id`, `from_user_id`, `to_user_id`, `body`, `is_important`, `is_delivered`, `created_at`, `updated_at`) VALUES ('86', 86, 86, 'Repellat et consectetur est harum. Ipsam consequatur et fuga facere dolor omnis nisi ex. Aliquam aut quisquam cumque.', 0, 1, '2015-11-10 07:18:05', '2015-10-01 18:50:08');
INSERT INTO `messages` (`id`, `from_user_id`, `to_user_id`, `body`, `is_important`, `is_delivered`, `created_at`, `updated_at`) VALUES ('87', 87, 87, 'Tenetur vel repudiandae consequatur sed. Deserunt aspernatur modi asperiores ab quam odio velit delectus. Et aspernatur animi pariatur distinctio magnam. Aliquid laborum impedit ea voluptate quia.', 1, 1, '2011-07-09 03:06:08', '2014-08-04 14:49:49');
INSERT INTO `messages` (`id`, `from_user_id`, `to_user_id`, `body`, `is_important`, `is_delivered`, `created_at`, `updated_at`) VALUES ('88', 88, 88, 'Quaerat dolor nemo natus temporibus. Cum aperiam sed quam asperiores voluptatem. Ab quod consectetur ut nihil sed ea impedit.', 1, 1, '2016-06-08 07:33:11', '2013-07-27 17:57:21');
INSERT INTO `messages` (`id`, `from_user_id`, `to_user_id`, `body`, `is_important`, `is_delivered`, `created_at`, `updated_at`) VALUES ('89', 89, 89, 'Harum delectus quo nam qui rerum tempora at. Vero cum quia officia quos. Maxime recusandae consequuntur soluta eos ratione.', 1, 0, '2014-11-29 21:44:36', '2013-11-21 12:35:59');
INSERT INTO `messages` (`id`, `from_user_id`, `to_user_id`, `body`, `is_important`, `is_delivered`, `created_at`, `updated_at`) VALUES ('90', 90, 90, 'Eos id incidunt tenetur natus possimus error. Tempore tempora omnis explicabo aut et. Qui distinctio culpa ut animi occaecati aut. Vitae pariatur non vel quasi.', 1, 0, '2018-09-18 07:56:28', '2017-11-18 09:00:09');
INSERT INTO `messages` (`id`, `from_user_id`, `to_user_id`, `body`, `is_important`, `is_delivered`, `created_at`, `updated_at`) VALUES ('91', 91, 91, 'Aut repudiandae hic perspiciatis qui. Sunt quia alias rerum omnis. Voluptate dolor id porro fuga saepe.', 0, 1, '2019-09-20 17:44:25', '2018-09-05 00:18:50');
INSERT INTO `messages` (`id`, `from_user_id`, `to_user_id`, `body`, `is_important`, `is_delivered`, `created_at`, `updated_at`) VALUES ('92', 92, 92, 'Impedit quos voluptatem cumque odio. Vel aperiam dolores dicta voluptatem sit. Sint soluta et vero recusandae consequatur.', 0, 0, '2018-08-19 15:30:56', '2014-08-08 03:55:37');
INSERT INTO `messages` (`id`, `from_user_id`, `to_user_id`, `body`, `is_important`, `is_delivered`, `created_at`, `updated_at`) VALUES ('93', 93, 93, 'Aut aut amet in magni qui sit. Eveniet nihil aut est ut laudantium et rerum. Voluptatem at quis et et ut quia animi.', 1, 1, '2020-07-14 01:49:19', '2016-01-01 00:50:36');
INSERT INTO `messages` (`id`, `from_user_id`, `to_user_id`, `body`, `is_important`, `is_delivered`, `created_at`, `updated_at`) VALUES ('94', 94, 94, 'Ut doloribus accusamus molestiae nihil libero est dolorem. Consequatur id doloribus perspiciatis natus illum omnis. Natus sit quia iure eum sit.', 1, 1, '2015-07-26 14:57:19', '2014-07-18 19:09:14');
INSERT INTO `messages` (`id`, `from_user_id`, `to_user_id`, `body`, `is_important`, `is_delivered`, `created_at`, `updated_at`) VALUES ('95', 95, 95, 'Praesentium sit in eaque rerum laborum. Iusto officiis ex ut voluptas. Earum id aspernatur eos unde et voluptatem. Quae facere aut consequuntur.', 1, 0, '2013-08-17 05:52:55', '2020-11-18 19:23:42');
INSERT INTO `messages` (`id`, `from_user_id`, `to_user_id`, `body`, `is_important`, `is_delivered`, `created_at`, `updated_at`) VALUES ('96', 96, 96, 'Modi hic at neque qui ut qui. Ducimus eveniet numquam harum dolore.', 1, 1, '2011-05-20 19:24:51', '2018-11-11 19:34:36');
INSERT INTO `messages` (`id`, `from_user_id`, `to_user_id`, `body`, `is_important`, `is_delivered`, `created_at`, `updated_at`) VALUES ('97', 97, 97, 'Laboriosam autem reiciendis sint sint ea. Natus impedit perspiciatis suscipit ab esse.', 1, 1, '2017-03-17 10:24:43', '2019-09-23 17:50:30');
INSERT INTO `messages` (`id`, `from_user_id`, `to_user_id`, `body`, `is_important`, `is_delivered`, `created_at`, `updated_at`) VALUES ('98', 98, 98, 'Quae sed ipsa vitae ut ipsa quidem. Laudantium molestiae ipsa aperiam incidunt aperiam voluptas facilis quis. Omnis corporis exercitationem qui. Commodi tenetur natus ut illo ullam in enim enim.', 0, 0, '2015-11-03 18:24:31', '2013-05-08 08:54:28');
INSERT INTO `messages` (`id`, `from_user_id`, `to_user_id`, `body`, `is_important`, `is_delivered`, `created_at`, `updated_at`) VALUES ('99', 99, 99, 'Quia voluptatem minus optio ducimus et. Ut reprehenderit autem qui suscipit omnis dolores.\nLaudantium qui rerum repellendus soluta dolore officia et. Nisi ab numquam velit saepe quia voluptatum.', 1, 1, '2016-11-23 15:44:14', '2012-12-22 23:39:50');
INSERT INTO `messages` (`id`, `from_user_id`, `to_user_id`, `body`, `is_important`, `is_delivered`, `created_at`, `updated_at`) VALUES ('100', 100, 100, 'Occaecati est non fuga est recusandae numquam dicta. Officia repellat voluptate cumque dolorum.', 1, 0, '2013-10-21 03:58:12', '2011-03-30 21:03:42');


#
# TABLE STRUCTURE FOR: profiles
#

DROP TABLE IF EXISTS `profiles`;

CREATE TABLE `profiles` (
  `user_id` int(10) unsigned NOT NULL COMMENT 'Ссылка на пользователя',
  `gender` char(1) COLLATE utf8_unicode_ci NOT NULL COMMENT 'Пол',
  `birthday` date DEFAULT NULL COMMENT 'Дата рождения',
  `photo_id` int(10) unsigned DEFAULT NULL COMMENT 'Ссылка на основную фотографию пользователя',
  `status_id` int(11) DEFAULT NULL COMMENT 'Текущий статус',
  `city` varchar(130) COLLATE utf8_unicode_ci DEFAULT NULL COMMENT 'Город проживания',
  `country_id` int(11) DEFAULT NULL COMMENT 'Страна проживания',
  `created_at` datetime NOT NULL DEFAULT current_timestamp() COMMENT 'Время создания строки',
  `updated_at` datetime DEFAULT current_timestamp() ON UPDATE current_timestamp() COMMENT 'Время обновления строки'
) ENGINE=InnoDB DEFAULT CHARSET=utf8 COLLATE=utf8_unicode_ci COMMENT='Профили';

INSERT INTO `profiles` (`user_id`, `gender`, `birthday`, `photo_id`, `status_id`, `city`, `country_id`, `created_at`, `updated_at`) VALUES (1, 'm', '2003-06-13', 30, 3, 'New Alvismouth', 7, '2012-09-15 18:24:05', '2012-09-27 15:31:14');
INSERT INTO `profiles` (`user_id`, `gender`, `birthday`, `photo_id`, `status_id`, `city`, `country_id`, `created_at`, `updated_at`) VALUES (2, 'f', '2005-03-21', 4, 0, 'North Reanna', 4, '2018-06-04 01:44:02', '2012-07-25 21:08:59');
INSERT INTO `profiles` (`user_id`, `gender`, `birthday`, `photo_id`, `status_id`, `city`, `country_id`, `created_at`, `updated_at`) VALUES (3, 'f', '2020-11-05', 36, 2, 'Klockoland', 8, '2013-03-29 20:38:15', '2016-08-15 17:14:59');
INSERT INTO `profiles` (`user_id`, `gender`, `birthday`, `photo_id`, `status_id`, `city`, `country_id`, `created_at`, `updated_at`) VALUES (4, 'm', '2020-08-13', 53, 1, 'North Meta', 10, '2014-05-07 20:30:25', '2016-07-02 11:38:08');
INSERT INTO `profiles` (`user_id`, `gender`, `birthday`, `photo_id`, `status_id`, `city`, `country_id`, `created_at`, `updated_at`) VALUES (5, 'f', '2012-06-27', 59, 1, 'North Antone', 6, '2011-05-21 21:30:43', '2016-08-14 01:49:27');
INSERT INTO `profiles` (`user_id`, `gender`, `birthday`, `photo_id`, `status_id`, `city`, `country_id`, `created_at`, `updated_at`) VALUES (6, 'm', '1997-05-01', 33, 2, 'Dachberg', 4, '2016-02-19 09:20:41', '2012-11-30 09:14:53');
INSERT INTO `profiles` (`user_id`, `gender`, `birthday`, `photo_id`, `status_id`, `city`, `country_id`, `created_at`, `updated_at`) VALUES (7, 'f', '2019-03-03', 39, 2, 'South Caleighhaven', 1, '2018-06-09 21:09:09', '2011-02-03 13:38:35');
INSERT INTO `profiles` (`user_id`, `gender`, `birthday`, `photo_id`, `status_id`, `city`, `country_id`, `created_at`, `updated_at`) VALUES (8, 'f', '1984-07-08', 8, 1, 'South Henriette', 6, '2013-01-10 01:48:31', '2016-01-01 20:13:03');
INSERT INTO `profiles` (`user_id`, `gender`, `birthday`, `photo_id`, `status_id`, `city`, `country_id`, `created_at`, `updated_at`) VALUES (9, 'm', '1978-05-04', 76, 2, 'Wilhelmineburgh', 6, '2015-02-26 08:19:08', '2015-01-28 15:32:10');
INSERT INTO `profiles` (`user_id`, `gender`, `birthday`, `photo_id`, `status_id`, `city`, `country_id`, `created_at`, `updated_at`) VALUES (10, 'm', '1974-07-26', 65, 3, 'East Curtland', 1, '2013-08-04 09:49:25', '2016-09-25 10:10:50');
INSERT INTO `profiles` (`user_id`, `gender`, `birthday`, `photo_id`, `status_id`, `city`, `country_id`, `created_at`, `updated_at`) VALUES (11, 'm', '1999-06-17', 92, 1, 'East Kristopher', 8, '2016-09-08 16:44:47', '2015-05-09 15:03:12');
INSERT INTO `profiles` (`user_id`, `gender`, `birthday`, `photo_id`, `status_id`, `city`, `country_id`, `created_at`, `updated_at`) VALUES (12, 'f', '1977-03-15', 56, 0, 'New Julietport', 10, '2020-09-08 06:14:31', '2014-01-09 06:27:01');
INSERT INTO `profiles` (`user_id`, `gender`, `birthday`, `photo_id`, `status_id`, `city`, `country_id`, `created_at`, `updated_at`) VALUES (13, 'm', '1982-05-29', 39, 2, 'Zenashire', 9, '2014-11-15 13:01:11', '2018-03-29 03:45:36');
INSERT INTO `profiles` (`user_id`, `gender`, `birthday`, `photo_id`, `status_id`, `city`, `country_id`, `created_at`, `updated_at`) VALUES (14, 'm', '2004-06-03', 86, 0, 'Franciscamouth', 10, '2012-01-24 21:28:53', '2018-10-09 02:03:46');
INSERT INTO `profiles` (`user_id`, `gender`, `birthday`, `photo_id`, `status_id`, `city`, `country_id`, `created_at`, `updated_at`) VALUES (15, 'f', '1978-05-22', 69, 1, 'Vicenteburgh', 8, '2016-02-24 19:43:50', '2014-07-05 06:59:35');
INSERT INTO `profiles` (`user_id`, `gender`, `birthday`, `photo_id`, `status_id`, `city`, `country_id`, `created_at`, `updated_at`) VALUES (16, 'f', '1976-11-13', 75, 3, 'Lake Arianna', 9, '2015-08-14 02:48:52', '2015-01-05 17:05:52');
INSERT INTO `profiles` (`user_id`, `gender`, `birthday`, `photo_id`, `status_id`, `city`, `country_id`, `created_at`, `updated_at`) VALUES (17, 'f', '1991-12-11', 47, 0, 'Sallychester', 10, '2011-02-12 19:58:55', '2020-02-27 03:21:23');
INSERT INTO `profiles` (`user_id`, `gender`, `birthday`, `photo_id`, `status_id`, `city`, `country_id`, `created_at`, `updated_at`) VALUES (18, 'f', '1998-07-01', 51, 2, 'Port Rodrigohaven', 6, '2016-02-13 18:58:54', '2019-03-23 00:15:38');
INSERT INTO `profiles` (`user_id`, `gender`, `birthday`, `photo_id`, `status_id`, `city`, `country_id`, `created_at`, `updated_at`) VALUES (19, 'f', '1987-01-01', 89, 3, 'Schowalterfurt', 5, '2015-12-02 06:41:17', '2020-04-22 22:06:30');
INSERT INTO `profiles` (`user_id`, `gender`, `birthday`, `photo_id`, `status_id`, `city`, `country_id`, `created_at`, `updated_at`) VALUES (20, 'f', '1981-03-10', 34, 1, 'West Abigayle', 8, '2013-11-26 16:41:55', '2019-10-23 17:57:33');
INSERT INTO `profiles` (`user_id`, `gender`, `birthday`, `photo_id`, `status_id`, `city`, `country_id`, `created_at`, `updated_at`) VALUES (21, 'f', '2006-01-04', 100, 3, 'Gregoryfort', 6, '2018-09-26 22:21:25', '2016-10-24 02:44:15');
INSERT INTO `profiles` (`user_id`, `gender`, `birthday`, `photo_id`, `status_id`, `city`, `country_id`, `created_at`, `updated_at`) VALUES (22, 'f', '1979-04-24', 61, 2, 'North Lilly', 6, '2018-10-04 22:52:12', '2013-03-06 11:16:21');
INSERT INTO `profiles` (`user_id`, `gender`, `birthday`, `photo_id`, `status_id`, `city`, `country_id`, `created_at`, `updated_at`) VALUES (23, 'm', '1972-06-22', 51, 2, 'Bruenchester', 5, '2015-11-16 09:43:32', '2015-09-04 05:46:36');
INSERT INTO `profiles` (`user_id`, `gender`, `birthday`, `photo_id`, `status_id`, `city`, `country_id`, `created_at`, `updated_at`) VALUES (24, 'f', '2009-04-23', 2, 3, 'Lake Roosevelt', 2, '2014-11-06 12:46:30', '2016-01-09 23:15:44');
INSERT INTO `profiles` (`user_id`, `gender`, `birthday`, `photo_id`, `status_id`, `city`, `country_id`, `created_at`, `updated_at`) VALUES (25, 'f', '2001-09-05', 85, 0, 'West Kaciehaven', 9, '2016-04-20 17:03:37', '2016-04-13 13:24:17');
INSERT INTO `profiles` (`user_id`, `gender`, `birthday`, `photo_id`, `status_id`, `city`, `country_id`, `created_at`, `updated_at`) VALUES (26, 'm', '1975-07-04', 52, 2, 'New Mayeville', 4, '2020-11-13 01:24:14', '2011-07-03 02:57:39');
INSERT INTO `profiles` (`user_id`, `gender`, `birthday`, `photo_id`, `status_id`, `city`, `country_id`, `created_at`, `updated_at`) VALUES (27, 'm', '1972-04-04', 40, 3, 'Anabelside', 10, '2011-04-25 22:55:16', '2018-11-03 02:18:51');
INSERT INTO `profiles` (`user_id`, `gender`, `birthday`, `photo_id`, `status_id`, `city`, `country_id`, `created_at`, `updated_at`) VALUES (28, 'f', '2015-01-23', 97, 0, 'Cronamouth', 8, '2017-03-23 04:44:41', '2013-05-04 23:41:03');
INSERT INTO `profiles` (`user_id`, `gender`, `birthday`, `photo_id`, `status_id`, `city`, `country_id`, `created_at`, `updated_at`) VALUES (29, 'm', '1987-10-25', 64, 0, 'Framiville', 6, '2016-08-15 16:11:45', '2014-02-16 00:18:42');
INSERT INTO `profiles` (`user_id`, `gender`, `birthday`, `photo_id`, `status_id`, `city`, `country_id`, `created_at`, `updated_at`) VALUES (30, 'm', '1994-05-24', 98, 3, 'Swaniawskichester', 4, '2011-05-17 02:55:44', '2013-09-21 14:56:56');
INSERT INTO `profiles` (`user_id`, `gender`, `birthday`, `photo_id`, `status_id`, `city`, `country_id`, `created_at`, `updated_at`) VALUES (31, 'm', '2000-07-31', 14, 3, 'New Travon', 6, '2016-10-13 11:46:29', '2018-03-23 20:36:51');
INSERT INTO `profiles` (`user_id`, `gender`, `birthday`, `photo_id`, `status_id`, `city`, `country_id`, `created_at`, `updated_at`) VALUES (32, 'f', '1998-08-20', 15, 3, 'Port Dena', 6, '2020-08-23 00:43:37', '2011-08-02 09:26:30');
INSERT INTO `profiles` (`user_id`, `gender`, `birthday`, `photo_id`, `status_id`, `city`, `country_id`, `created_at`, `updated_at`) VALUES (33, 'f', '1992-06-25', 9, 0, 'Framiville', 7, '2017-02-26 09:50:44', '2014-01-19 12:30:23');
INSERT INTO `profiles` (`user_id`, `gender`, `birthday`, `photo_id`, `status_id`, `city`, `country_id`, `created_at`, `updated_at`) VALUES (34, 'm', '2018-06-24', 25, 2, 'Breitenbergmouth', 7, '2011-01-03 13:34:35', '2016-11-11 06:36:32');
INSERT INTO `profiles` (`user_id`, `gender`, `birthday`, `photo_id`, `status_id`, `city`, `country_id`, `created_at`, `updated_at`) VALUES (35, 'm', '1970-05-03', 45, 2, 'Lake Kurt', 7, '2012-08-21 17:51:20', '2020-08-29 12:49:32');
INSERT INTO `profiles` (`user_id`, `gender`, `birthday`, `photo_id`, `status_id`, `city`, `country_id`, `created_at`, `updated_at`) VALUES (36, 'f', '2001-04-27', 88, 1, 'Donnellyshire', 5, '2012-07-09 02:55:37', '2013-05-25 01:08:51');
INSERT INTO `profiles` (`user_id`, `gender`, `birthday`, `photo_id`, `status_id`, `city`, `country_id`, `created_at`, `updated_at`) VALUES (37, 'm', '2012-11-29', 63, 3, 'South Kileyview', 2, '2015-07-21 20:38:02', '2014-11-09 19:08:02');
INSERT INTO `profiles` (`user_id`, `gender`, `birthday`, `photo_id`, `status_id`, `city`, `country_id`, `created_at`, `updated_at`) VALUES (38, 'm', '2011-08-28', 87, 1, 'East Ivy', 6, '2016-04-23 17:52:41', '2018-03-06 18:51:35');
INSERT INTO `profiles` (`user_id`, `gender`, `birthday`, `photo_id`, `status_id`, `city`, `country_id`, `created_at`, `updated_at`) VALUES (39, 'm', '1994-02-10', 43, 3, 'Dedricborough', 8, '2017-10-18 19:09:44', '2019-04-01 17:17:01');
INSERT INTO `profiles` (`user_id`, `gender`, `birthday`, `photo_id`, `status_id`, `city`, `country_id`, `created_at`, `updated_at`) VALUES (40, 'm', '2020-05-29', 55, 1, 'Josiannefurt', 9, '2015-08-19 10:49:57', '2016-01-18 04:12:10');
INSERT INTO `profiles` (`user_id`, `gender`, `birthday`, `photo_id`, `status_id`, `city`, `country_id`, `created_at`, `updated_at`) VALUES (41, 'm', '2013-12-10', 22, 0, 'Langworthbury', 1, '2016-09-05 07:39:12', '2012-11-19 17:16:06');
INSERT INTO `profiles` (`user_id`, `gender`, `birthday`, `photo_id`, `status_id`, `city`, `country_id`, `created_at`, `updated_at`) VALUES (42, 'm', '2014-05-21', 65, 3, 'South Imaton', 2, '2019-12-21 07:12:29', '2016-06-22 06:37:04');
INSERT INTO `profiles` (`user_id`, `gender`, `birthday`, `photo_id`, `status_id`, `city`, `country_id`, `created_at`, `updated_at`) VALUES (43, 'f', '2002-02-14', 5, 1, 'Gonzaloburgh', 10, '2016-09-23 06:24:08', '2020-07-08 08:27:58');
INSERT INTO `profiles` (`user_id`, `gender`, `birthday`, `photo_id`, `status_id`, `city`, `country_id`, `created_at`, `updated_at`) VALUES (44, 'f', '2000-11-08', 68, 0, 'Ratkebury', 10, '2017-08-03 21:19:59', '2019-06-15 17:58:20');
INSERT INTO `profiles` (`user_id`, `gender`, `birthday`, `photo_id`, `status_id`, `city`, `country_id`, `created_at`, `updated_at`) VALUES (45, 'm', '1984-04-24', 4, 2, 'Hudsontown', 9, '2020-02-10 08:03:00', '2018-02-05 12:46:27');
INSERT INTO `profiles` (`user_id`, `gender`, `birthday`, `photo_id`, `status_id`, `city`, `country_id`, `created_at`, `updated_at`) VALUES (46, 'm', '1970-01-09', 33, 3, 'Schillerton', 3, '2015-12-18 22:09:07', '2020-02-04 01:50:53');
INSERT INTO `profiles` (`user_id`, `gender`, `birthday`, `photo_id`, `status_id`, `city`, `country_id`, `created_at`, `updated_at`) VALUES (47, 'm', '2000-05-27', 64, 2, 'New Dallas', 3, '2020-05-24 08:44:30', '2018-10-07 11:46:07');
INSERT INTO `profiles` (`user_id`, `gender`, `birthday`, `photo_id`, `status_id`, `city`, `country_id`, `created_at`, `updated_at`) VALUES (48, 'm', '1971-07-20', 18, 0, 'Lynchview', 9, '2011-04-18 09:55:41', '2020-06-24 17:09:34');
INSERT INTO `profiles` (`user_id`, `gender`, `birthday`, `photo_id`, `status_id`, `city`, `country_id`, `created_at`, `updated_at`) VALUES (49, 'f', '1979-05-14', 76, 3, 'Port Jefferey', 10, '2013-01-08 12:52:26', '2018-06-17 01:38:32');
INSERT INTO `profiles` (`user_id`, `gender`, `birthday`, `photo_id`, `status_id`, `city`, `country_id`, `created_at`, `updated_at`) VALUES (50, 'f', '2002-05-10', 69, 3, 'West Gregorioshire', 5, '2013-06-22 11:13:55', '2014-09-10 04:24:17');
INSERT INTO `profiles` (`user_id`, `gender`, `birthday`, `photo_id`, `status_id`, `city`, `country_id`, `created_at`, `updated_at`) VALUES (51, 'm', '1991-09-27', 28, 2, 'Murrayburgh', 5, '2020-03-04 00:34:55', '2018-03-17 11:16:41');
INSERT INTO `profiles` (`user_id`, `gender`, `birthday`, `photo_id`, `status_id`, `city`, `country_id`, `created_at`, `updated_at`) VALUES (52, 'm', '2002-12-23', 5, 1, 'Pfeffertown', 3, '2012-03-05 10:17:03', '2020-06-30 11:43:42');
INSERT INTO `profiles` (`user_id`, `gender`, `birthday`, `photo_id`, `status_id`, `city`, `country_id`, `created_at`, `updated_at`) VALUES (53, 'f', '1988-12-10', 90, 3, 'Lake Garfieldshire', 3, '2018-09-10 10:45:40', '2018-01-29 05:18:13');
INSERT INTO `profiles` (`user_id`, `gender`, `birthday`, `photo_id`, `status_id`, `city`, `country_id`, `created_at`, `updated_at`) VALUES (54, 'f', '1983-09-29', 48, 1, 'New Jada', 9, '2018-12-19 21:42:47', '2013-09-12 06:36:07');
INSERT INTO `profiles` (`user_id`, `gender`, `birthday`, `photo_id`, `status_id`, `city`, `country_id`, `created_at`, `updated_at`) VALUES (55, 'f', '2020-08-31', 27, 2, 'West Shanyburgh', 5, '2018-10-29 00:54:40', '2012-07-27 16:30:55');
INSERT INTO `profiles` (`user_id`, `gender`, `birthday`, `photo_id`, `status_id`, `city`, `country_id`, `created_at`, `updated_at`) VALUES (56, 'f', '2005-12-29', 71, 0, 'East Judson', 10, '2012-05-02 02:54:25', '2018-09-03 16:52:55');
INSERT INTO `profiles` (`user_id`, `gender`, `birthday`, `photo_id`, `status_id`, `city`, `country_id`, `created_at`, `updated_at`) VALUES (57, 'f', '1997-07-31', 36, 2, 'Sporerville', 1, '2013-06-07 01:49:11', '2014-05-11 23:11:14');
INSERT INTO `profiles` (`user_id`, `gender`, `birthday`, `photo_id`, `status_id`, `city`, `country_id`, `created_at`, `updated_at`) VALUES (58, 'm', '1975-03-03', 78, 2, 'Hartmannburgh', 6, '2016-12-28 05:20:08', '2018-01-20 21:34:40');
INSERT INTO `profiles` (`user_id`, `gender`, `birthday`, `photo_id`, `status_id`, `city`, `country_id`, `created_at`, `updated_at`) VALUES (59, 'm', '1981-07-22', 26, 0, 'Hoppeton', 1, '2018-02-01 04:38:10', '2011-12-01 00:17:34');
INSERT INTO `profiles` (`user_id`, `gender`, `birthday`, `photo_id`, `status_id`, `city`, `country_id`, `created_at`, `updated_at`) VALUES (60, 'm', '1992-08-28', 60, 0, 'South Guadalupe', 6, '2018-07-03 11:53:45', '2013-08-19 14:59:19');
INSERT INTO `profiles` (`user_id`, `gender`, `birthday`, `photo_id`, `status_id`, `city`, `country_id`, `created_at`, `updated_at`) VALUES (61, 'm', '1995-10-28', 10, 3, 'West Shyannetown', 5, '2014-02-03 04:00:47', '2012-12-23 15:21:47');
INSERT INTO `profiles` (`user_id`, `gender`, `birthday`, `photo_id`, `status_id`, `city`, `country_id`, `created_at`, `updated_at`) VALUES (62, 'm', '1975-03-13', 92, 2, 'Bradtkeville', 5, '2012-08-16 19:58:26', '2016-08-31 19:11:53');
INSERT INTO `profiles` (`user_id`, `gender`, `birthday`, `photo_id`, `status_id`, `city`, `country_id`, `created_at`, `updated_at`) VALUES (63, 'f', '1989-01-14', 21, 1, 'Jerdeville', 3, '2013-04-28 12:21:28', '2016-05-14 01:55:01');
INSERT INTO `profiles` (`user_id`, `gender`, `birthday`, `photo_id`, `status_id`, `city`, `country_id`, `created_at`, `updated_at`) VALUES (64, 'm', '2001-04-07', 35, 3, 'Blickbury', 9, '2013-07-17 19:39:29', '2011-12-30 16:23:37');
INSERT INTO `profiles` (`user_id`, `gender`, `birthday`, `photo_id`, `status_id`, `city`, `country_id`, `created_at`, `updated_at`) VALUES (65, 'm', '1972-02-28', 71, 3, 'North Meganebury', 4, '2011-03-27 04:38:26', '2014-10-13 13:06:43');
INSERT INTO `profiles` (`user_id`, `gender`, `birthday`, `photo_id`, `status_id`, `city`, `country_id`, `created_at`, `updated_at`) VALUES (66, 'f', '2010-04-29', 76, 1, 'South Mattie', 3, '2017-09-21 07:45:56', '2011-04-06 17:21:03');
INSERT INTO `profiles` (`user_id`, `gender`, `birthday`, `photo_id`, `status_id`, `city`, `country_id`, `created_at`, `updated_at`) VALUES (67, 'm', '1979-02-21', 3, 1, 'Jettieton', 8, '2016-09-17 19:01:37', '2013-05-14 14:02:29');
INSERT INTO `profiles` (`user_id`, `gender`, `birthday`, `photo_id`, `status_id`, `city`, `country_id`, `created_at`, `updated_at`) VALUES (68, 'f', '1995-12-06', 94, 1, 'Marianeton', 4, '2012-05-05 19:35:13', '2011-03-15 07:45:57');
INSERT INTO `profiles` (`user_id`, `gender`, `birthday`, `photo_id`, `status_id`, `city`, `country_id`, `created_at`, `updated_at`) VALUES (69, 'f', '2017-04-30', 57, 1, 'East Pamelaville', 8, '2016-06-16 19:01:10', '2020-02-10 20:51:32');
INSERT INTO `profiles` (`user_id`, `gender`, `birthday`, `photo_id`, `status_id`, `city`, `country_id`, `created_at`, `updated_at`) VALUES (70, 'f', '1992-09-11', 55, 2, 'Bryanashire', 10, '2013-08-12 10:58:11', '2011-01-12 10:45:41');
INSERT INTO `profiles` (`user_id`, `gender`, `birthday`, `photo_id`, `status_id`, `city`, `country_id`, `created_at`, `updated_at`) VALUES (71, 'm', '1995-01-16', 60, 2, 'West Antoinetteview', 3, '2012-03-13 10:01:00', '2014-05-25 17:37:33');
INSERT INTO `profiles` (`user_id`, `gender`, `birthday`, `photo_id`, `status_id`, `city`, `country_id`, `created_at`, `updated_at`) VALUES (72, 'f', '1983-02-28', 89, 0, 'East Kingfurt', 2, '2015-02-24 13:14:33', '2015-01-29 18:41:08');
INSERT INTO `profiles` (`user_id`, `gender`, `birthday`, `photo_id`, `status_id`, `city`, `country_id`, `created_at`, `updated_at`) VALUES (73, 'm', '2002-03-10', 63, 1, 'North Adahview', 1, '2015-10-18 17:54:58', '2012-05-28 18:01:39');
INSERT INTO `profiles` (`user_id`, `gender`, `birthday`, `photo_id`, `status_id`, `city`, `country_id`, `created_at`, `updated_at`) VALUES (74, 'm', '2000-11-21', 11, 3, 'Schroederfort', 5, '2011-01-05 05:27:02', '2016-04-08 09:32:49');
INSERT INTO `profiles` (`user_id`, `gender`, `birthday`, `photo_id`, `status_id`, `city`, `country_id`, `created_at`, `updated_at`) VALUES (75, 'f', '1984-02-29', 4, 1, 'East Al', 8, '2019-03-21 14:49:22', '2017-05-17 10:15:03');
INSERT INTO `profiles` (`user_id`, `gender`, `birthday`, `photo_id`, `status_id`, `city`, `country_id`, `created_at`, `updated_at`) VALUES (76, 'm', '2007-07-26', 35, 3, 'Port Neomaside', 7, '2015-04-17 04:37:05', '2013-01-27 11:35:30');
INSERT INTO `profiles` (`user_id`, `gender`, `birthday`, `photo_id`, `status_id`, `city`, `country_id`, `created_at`, `updated_at`) VALUES (77, 'f', '1991-05-03', 94, 1, 'Dachhaven', 5, '2020-06-10 07:04:05', '2012-06-23 18:11:29');
INSERT INTO `profiles` (`user_id`, `gender`, `birthday`, `photo_id`, `status_id`, `city`, `country_id`, `created_at`, `updated_at`) VALUES (78, 'f', '2005-11-06', 44, 0, 'West Kraig', 8, '2017-09-20 04:18:20', '2019-07-08 14:58:50');
INSERT INTO `profiles` (`user_id`, `gender`, `birthday`, `photo_id`, `status_id`, `city`, `country_id`, `created_at`, `updated_at`) VALUES (79, 'f', '2017-01-12', 51, 3, 'East Reynoldside', 4, '2015-10-09 07:27:06', '2020-02-25 18:11:57');
INSERT INTO `profiles` (`user_id`, `gender`, `birthday`, `photo_id`, `status_id`, `city`, `country_id`, `created_at`, `updated_at`) VALUES (80, 'f', '1975-09-29', 78, 0, 'Walshview', 10, '2013-08-10 14:48:23', '2019-04-15 17:52:05');
INSERT INTO `profiles` (`user_id`, `gender`, `birthday`, `photo_id`, `status_id`, `city`, `country_id`, `created_at`, `updated_at`) VALUES (81, 'f', '1991-04-02', 42, 3, 'Port Dandre', 9, '2016-08-04 18:14:21', '2019-11-01 22:47:37');
INSERT INTO `profiles` (`user_id`, `gender`, `birthday`, `photo_id`, `status_id`, `city`, `country_id`, `created_at`, `updated_at`) VALUES (82, 'f', '1995-08-10', 26, 2, 'New Hannahside', 5, '2019-08-21 00:08:26', '2015-09-07 04:46:43');
INSERT INTO `profiles` (`user_id`, `gender`, `birthday`, `photo_id`, `status_id`, `city`, `country_id`, `created_at`, `updated_at`) VALUES (83, 'm', '2001-03-04', 1, 1, 'South Nigel', 4, '2020-05-22 02:34:46', '2019-02-15 20:13:51');
INSERT INTO `profiles` (`user_id`, `gender`, `birthday`, `photo_id`, `status_id`, `city`, `country_id`, `created_at`, `updated_at`) VALUES (84, 'f', '2000-10-23', 9, 3, 'Emardshire', 10, '2011-06-02 04:52:50', '2013-06-17 00:06:35');
INSERT INTO `profiles` (`user_id`, `gender`, `birthday`, `photo_id`, `status_id`, `city`, `country_id`, `created_at`, `updated_at`) VALUES (85, 'm', '2012-09-01', 9, 1, 'Port Jovany', 5, '2014-10-23 22:44:38', '2012-05-27 13:31:32');
INSERT INTO `profiles` (`user_id`, `gender`, `birthday`, `photo_id`, `status_id`, `city`, `country_id`, `created_at`, `updated_at`) VALUES (86, 'm', '1973-04-19', 57, 1, 'Port Elouise', 10, '2018-03-06 18:32:28', '2012-10-20 12:25:04');
INSERT INTO `profiles` (`user_id`, `gender`, `birthday`, `photo_id`, `status_id`, `city`, `country_id`, `created_at`, `updated_at`) VALUES (87, 'f', '1987-01-17', 19, 0, 'West Tyrachester', 6, '2016-11-11 08:45:58', '2014-06-26 16:11:22');
INSERT INTO `profiles` (`user_id`, `gender`, `birthday`, `photo_id`, `status_id`, `city`, `country_id`, `created_at`, `updated_at`) VALUES (88, 'f', '1972-10-08', 36, 1, 'Leschton', 4, '2016-11-25 23:33:20', '2011-10-23 19:29:00');
INSERT INTO `profiles` (`user_id`, `gender`, `birthday`, `photo_id`, `status_id`, `city`, `country_id`, `created_at`, `updated_at`) VALUES (89, 'f', '2018-06-24', 89, 2, 'North Lennie', 4, '2020-03-23 00:07:48', '2020-09-06 18:43:21');
INSERT INTO `profiles` (`user_id`, `gender`, `birthday`, `photo_id`, `status_id`, `city`, `country_id`, `created_at`, `updated_at`) VALUES (90, 'f', '2000-01-27', 66, 3, 'South Rhodaville', 5, '2017-10-03 12:08:44', '2011-05-27 07:08:18');
INSERT INTO `profiles` (`user_id`, `gender`, `birthday`, `photo_id`, `status_id`, `city`, `country_id`, `created_at`, `updated_at`) VALUES (91, 'm', '2001-03-02', 64, 0, 'Skilesstad', 10, '2020-01-12 16:39:27', '2019-01-10 20:23:22');
INSERT INTO `profiles` (`user_id`, `gender`, `birthday`, `photo_id`, `status_id`, `city`, `country_id`, `created_at`, `updated_at`) VALUES (92, 'f', '1974-06-15', 46, 0, 'Jasperbury', 8, '2011-07-30 12:30:16', '2015-04-10 14:52:54');
INSERT INTO `profiles` (`user_id`, `gender`, `birthday`, `photo_id`, `status_id`, `city`, `country_id`, `created_at`, `updated_at`) VALUES (93, 'm', '2015-01-29', 4, 1, 'East Cristalville', 6, '2017-03-23 08:38:44', '2012-05-26 23:44:35');
INSERT INTO `profiles` (`user_id`, `gender`, `birthday`, `photo_id`, `status_id`, `city`, `country_id`, `created_at`, `updated_at`) VALUES (94, 'm', '1980-05-25', 34, 2, 'Hazleburgh', 7, '2013-05-18 04:35:41', '2015-01-17 08:35:24');
INSERT INTO `profiles` (`user_id`, `gender`, `birthday`, `photo_id`, `status_id`, `city`, `country_id`, `created_at`, `updated_at`) VALUES (95, 'f', '2017-01-11', 39, 0, 'New Titusport', 7, '2019-01-21 18:49:00', '2019-10-05 19:18:57');
INSERT INTO `profiles` (`user_id`, `gender`, `birthday`, `photo_id`, `status_id`, `city`, `country_id`, `created_at`, `updated_at`) VALUES (96, 'f', '1981-09-24', 18, 3, 'Juddtown', 10, '2011-11-24 22:30:37', '2015-06-10 12:42:45');
INSERT INTO `profiles` (`user_id`, `gender`, `birthday`, `photo_id`, `status_id`, `city`, `country_id`, `created_at`, `updated_at`) VALUES (97, 'm', '2012-11-11', 94, 1, 'Ornshire', 6, '2019-03-28 11:37:17', '2015-10-09 09:54:42');
INSERT INTO `profiles` (`user_id`, `gender`, `birthday`, `photo_id`, `status_id`, `city`, `country_id`, `created_at`, `updated_at`) VALUES (98, 'm', '2000-04-06', 30, 2, 'Darrelside', 1, '2013-08-18 17:26:42', '2011-04-01 14:48:48');
INSERT INTO `profiles` (`user_id`, `gender`, `birthday`, `photo_id`, `status_id`, `city`, `country_id`, `created_at`, `updated_at`) VALUES (99, 'm', '2012-01-10', 31, 1, 'Dejaview', 1, '2014-01-03 00:22:55', '2019-07-12 03:51:39');
INSERT INTO `profiles` (`user_id`, `gender`, `birthday`, `photo_id`, `status_id`, `city`, `country_id`, `created_at`, `updated_at`) VALUES (100, 'm', '1980-09-11', 65, 2, 'South Clovismouth', 3, '2013-03-12 10:51:30', '2013-09-12 01:25:23');


#
# TABLE STRUCTURE FOR: users
#

DROP TABLE IF EXISTS `users`;

CREATE TABLE `users` (
  `id` bigint(20) unsigned NOT NULL AUTO_INCREMENT COMMENT 'Идентификатор строки',
  `first_name` varchar(100) COLLATE utf8_unicode_ci NOT NULL COMMENT 'Имя пользователя',
  `last_name` varchar(100) COLLATE utf8_unicode_ci NOT NULL COMMENT 'Фамилия пользователя',
  `email` varchar(100) COLLATE utf8_unicode_ci NOT NULL COMMENT 'Почта',
  `phone` varchar(100) COLLATE utf8_unicode_ci NOT NULL COMMENT 'Телефон',
  `created_at` datetime NOT NULL DEFAULT current_timestamp() COMMENT 'Время создания строки',
  `updated_at` datetime DEFAULT current_timestamp() ON UPDATE current_timestamp() COMMENT 'Время обновления строки',
  UNIQUE KEY `id` (`id`),
  UNIQUE KEY `email` (`email`),
  UNIQUE KEY `phone` (`phone`)
) ENGINE=InnoDB AUTO_INCREMENT=101 DEFAULT CHARSET=utf8 COLLATE=utf8_unicode_ci COMMENT='Пользователи';

INSERT INTO `users` (`id`, `first_name`, `last_name`, `email`, `phone`, `created_at`, `updated_at`) VALUES ('1', 'Josefa', 'Stamm', 'jakayla.heaney@example.org', '1-618-266-6434x73545', '2011-10-05 03:35:42', '2015-02-13 12:26:16');
INSERT INTO `users` (`id`, `first_name`, `last_name`, `email`, `phone`, `created_at`, `updated_at`) VALUES ('2', 'Brando', 'Strosin', 'vsteuber@example.com', '1-984-024-9155x321', '2011-09-13 11:32:08', '2014-02-26 01:44:31');
INSERT INTO `users` (`id`, `first_name`, `last_name`, `email`, `phone`, `created_at`, `updated_at`) VALUES ('3', 'Jaquan', 'Nolan', 'runolfsson.annalise@example.org', '(224)593-9296x402', '2013-07-12 08:45:41', '2014-10-15 09:33:26');
INSERT INTO `users` (`id`, `first_name`, `last_name`, `email`, `phone`, `created_at`, `updated_at`) VALUES ('4', 'Annalise', 'McLaughlin', 'schneider.deontae@example.com', '(879)097-0826', '2017-06-18 17:24:08', '2020-08-24 17:07:18');
INSERT INTO `users` (`id`, `first_name`, `last_name`, `email`, `phone`, `created_at`, `updated_at`) VALUES ('5', 'Deondre', 'Rutherford', 'mkris@example.org', '989-485-2527x551', '2017-06-08 18:15:03', '2012-05-03 07:37:17');
INSERT INTO `users` (`id`, `first_name`, `last_name`, `email`, `phone`, `created_at`, `updated_at`) VALUES ('6', 'Alexandria', 'Dibbert', 'mina.gottlieb@example.org', '957.793.7489x9844', '2016-12-31 13:08:12', '2019-08-03 12:10:40');
INSERT INTO `users` (`id`, `first_name`, `last_name`, `email`, `phone`, `created_at`, `updated_at`) VALUES ('7', 'Albina', 'Schneider', 'jaskolski.rolando@example.com', '550-661-9304', '2014-01-18 08:17:10', '2013-08-13 05:38:40');
INSERT INTO `users` (`id`, `first_name`, `last_name`, `email`, `phone`, `created_at`, `updated_at`) VALUES ('8', 'Dennis', 'Collins', 'xo\'reilly@example.net', '791.370.0068x8018', '2012-08-29 15:39:52', '2011-12-10 20:30:00');
INSERT INTO `users` (`id`, `first_name`, `last_name`, `email`, `phone`, `created_at`, `updated_at`) VALUES ('9', 'Rodolfo', 'Mills', 'robel.adrianna@example.org', '534.920.6898', '2011-07-12 23:10:55', '2016-12-22 02:41:44');
INSERT INTO `users` (`id`, `first_name`, `last_name`, `email`, `phone`, `created_at`, `updated_at`) VALUES ('10', 'Percival', 'Schinner', 'bmiller@example.com', '1-863-482-6732x543', '2018-12-26 11:19:32', '2020-10-30 04:05:43');
INSERT INTO `users` (`id`, `first_name`, `last_name`, `email`, `phone`, `created_at`, `updated_at`) VALUES ('11', 'Rolando', 'Haag', 'keira.quigley@example.net', '891-159-4105', '2020-06-12 15:38:48', '2020-01-17 07:00:34');
INSERT INTO `users` (`id`, `first_name`, `last_name`, `email`, `phone`, `created_at`, `updated_at`) VALUES ('12', 'Lauren', 'Bergnaum', 'qfeil@example.net', '018.211.6015x0594', '2014-06-15 21:40:07', '2012-08-05 01:53:32');
INSERT INTO `users` (`id`, `first_name`, `last_name`, `email`, `phone`, `created_at`, `updated_at`) VALUES ('13', 'Vergie', 'Romaguera', 'barney.marvin@example.net', '(099)518-9984', '2016-04-21 07:17:24', '2017-01-30 21:07:18');
INSERT INTO `users` (`id`, `first_name`, `last_name`, `email`, `phone`, `created_at`, `updated_at`) VALUES ('14', 'Virginie', 'Rodriguez', 'batz.devon@example.net', '1-617-002-5068x85724', '2017-05-10 11:26:58', '2018-01-08 14:12:45');
INSERT INTO `users` (`id`, `first_name`, `last_name`, `email`, `phone`, `created_at`, `updated_at`) VALUES ('15', 'Mabelle', 'Cronin', 'waters.cortney@example.com', '(535)316-6903', '2015-10-17 20:18:47', '2016-06-06 16:17:47');
INSERT INTO `users` (`id`, `first_name`, `last_name`, `email`, `phone`, `created_at`, `updated_at`) VALUES ('16', 'Westley', 'Terry', 'deckow.chris@example.org', '1-193-058-1366x08932', '2018-11-01 03:51:39', '2020-12-02 05:02:32');
INSERT INTO `users` (`id`, `first_name`, `last_name`, `email`, `phone`, `created_at`, `updated_at`) VALUES ('17', 'Gilda', 'Hettinger', 'lfadel@example.com', '(267)982-6069x84046', '2013-07-15 01:33:42', '2015-09-10 00:16:57');
INSERT INTO `users` (`id`, `first_name`, `last_name`, `email`, `phone`, `created_at`, `updated_at`) VALUES ('18', 'Damien', 'Howe', 'koepp.leola@example.net', '539-191-1648x3516', '2011-08-24 05:13:28', '2019-08-13 00:01:40');
INSERT INTO `users` (`id`, `first_name`, `last_name`, `email`, `phone`, `created_at`, `updated_at`) VALUES ('19', 'Dena', 'Kirlin', 'elinore.kuhn@example.com', '(426)702-0618x29996', '2014-08-27 20:46:53', '2013-04-28 02:15:24');
INSERT INTO `users` (`id`, `first_name`, `last_name`, `email`, `phone`, `created_at`, `updated_at`) VALUES ('20', 'Alan', 'Pollich', 'dooley.ashlynn@example.net', '07971537960', '2020-04-02 16:51:16', '2015-05-21 16:58:06');
INSERT INTO `users` (`id`, `first_name`, `last_name`, `email`, `phone`, `created_at`, `updated_at`) VALUES ('21', 'Nicole', 'Kilback', 'rosanna75@example.org', '071.930.1350', '2019-02-12 06:33:37', '2017-06-13 01:59:51');
INSERT INTO `users` (`id`, `first_name`, `last_name`, `email`, `phone`, `created_at`, `updated_at`) VALUES ('22', 'Lukas', 'Botsford', 'schumm.tatyana@example.com', '169.133.6601', '2014-03-02 14:23:37', '2015-01-17 21:53:42');
INSERT INTO `users` (`id`, `first_name`, `last_name`, `email`, `phone`, `created_at`, `updated_at`) VALUES ('23', 'Lupe', 'Herman', 'hziemann@example.com', '194-873-7145', '2020-10-11 12:05:20', '2014-02-08 04:25:44');
INSERT INTO `users` (`id`, `first_name`, `last_name`, `email`, `phone`, `created_at`, `updated_at`) VALUES ('24', 'Ellis', 'Shields', 'leuschke.foster@example.org', '1-410-069-4809x0328', '2020-02-08 12:44:22', '2015-02-10 11:16:44');
INSERT INTO `users` (`id`, `first_name`, `last_name`, `email`, `phone`, `created_at`, `updated_at`) VALUES ('25', 'Annamae', 'Barton', 'bergstrom.lizzie@example.net', '624-837-8208', '2014-05-09 23:47:28', '2017-09-09 11:44:12');
INSERT INTO `users` (`id`, `first_name`, `last_name`, `email`, `phone`, `created_at`, `updated_at`) VALUES ('26', 'Damon', 'Roob', 'kacey.trantow@example.org', '(684)138-6383', '2020-08-28 14:08:03', '2020-03-21 04:50:07');
INSERT INTO `users` (`id`, `first_name`, `last_name`, `email`, `phone`, `created_at`, `updated_at`) VALUES ('27', 'Lance', 'Waters', 'dooley.shakira@example.org', '03588027632', '2018-12-19 16:56:00', '2013-08-29 23:43:44');
INSERT INTO `users` (`id`, `first_name`, `last_name`, `email`, `phone`, `created_at`, `updated_at`) VALUES ('28', 'Seth', 'Runolfsson', 'ewuckert@example.net', '(025)563-6968x222', '2020-08-31 09:39:04', '2012-11-24 21:33:38');
INSERT INTO `users` (`id`, `first_name`, `last_name`, `email`, `phone`, `created_at`, `updated_at`) VALUES ('29', 'Glen', 'Kuhn', 'ressie.kilback@example.net', '09622398834', '2013-12-12 04:33:34', '2019-08-11 07:53:58');
INSERT INTO `users` (`id`, `first_name`, `last_name`, `email`, `phone`, `created_at`, `updated_at`) VALUES ('30', 'Korbin', 'Kshlerin', 'jones.abbigail@example.net', '1-065-897-4268x94710', '2019-12-22 07:54:27', '2015-06-12 23:51:32');
INSERT INTO `users` (`id`, `first_name`, `last_name`, `email`, `phone`, `created_at`, `updated_at`) VALUES ('31', 'Virgie', 'Schultz', 'isadore.skiles@example.net', '1-676-288-3905x154', '2012-10-14 15:24:16', '2013-05-22 05:00:40');
INSERT INTO `users` (`id`, `first_name`, `last_name`, `email`, `phone`, `created_at`, `updated_at`) VALUES ('32', 'Gisselle', 'Ebert', 'nlittle@example.com', '+00(1)8091246732', '2018-03-31 15:36:44', '2012-11-29 01:46:12');
INSERT INTO `users` (`id`, `first_name`, `last_name`, `email`, `phone`, `created_at`, `updated_at`) VALUES ('33', 'Jazlyn', 'McCullough', 'audrey.friesen@example.org', '08135605324', '2017-03-29 18:22:47', '2020-01-06 22:48:01');
INSERT INTO `users` (`id`, `first_name`, `last_name`, `email`, `phone`, `created_at`, `updated_at`) VALUES ('34', 'Rowland', 'Daugherty', 'eulah93@example.net', '914.939.4683x4519', '2015-07-03 11:21:34', '2015-08-29 03:04:12');
INSERT INTO `users` (`id`, `first_name`, `last_name`, `email`, `phone`, `created_at`, `updated_at`) VALUES ('35', 'Christ', 'Shanahan', 'joshuah.gutmann@example.org', '(709)429-2418', '2017-06-11 08:17:22', '2011-11-01 05:07:29');
INSERT INTO `users` (`id`, `first_name`, `last_name`, `email`, `phone`, `created_at`, `updated_at`) VALUES ('36', 'Danielle', 'Reinger', 'barton.lucinda@example.org', '521.018.7063x8446', '2019-07-05 14:55:58', '2013-03-06 03:18:22');
INSERT INTO `users` (`id`, `first_name`, `last_name`, `email`, `phone`, `created_at`, `updated_at`) VALUES ('37', 'Isabell', 'Mraz', 'sim95@example.net', '01085656923', '2016-12-19 02:42:22', '2013-04-21 07:01:36');
INSERT INTO `users` (`id`, `first_name`, `last_name`, `email`, `phone`, `created_at`, `updated_at`) VALUES ('38', 'Ruth', 'Harber', 'lueilwitz.audreanne@example.com', '09638022567', '2016-07-01 02:57:44', '2019-02-10 06:52:50');
INSERT INTO `users` (`id`, `first_name`, `last_name`, `email`, `phone`, `created_at`, `updated_at`) VALUES ('39', 'Kailee', 'Zemlak', 'corwin.eldred@example.net', '(817)569-1126x1101', '2020-10-06 09:02:15', '2015-11-22 11:55:58');
INSERT INTO `users` (`id`, `first_name`, `last_name`, `email`, `phone`, `created_at`, `updated_at`) VALUES ('40', 'Carmella', 'Mertz', 'yundt.isadore@example.com', '178-500-4116', '2016-01-26 13:00:27', '2015-01-16 07:21:44');
INSERT INTO `users` (`id`, `first_name`, `last_name`, `email`, `phone`, `created_at`, `updated_at`) VALUES ('41', 'Ashlynn', 'Abernathy', 'klarkin@example.net', '1-991-523-8254x93885', '2014-02-21 16:47:32', '2018-01-23 20:40:50');
INSERT INTO `users` (`id`, `first_name`, `last_name`, `email`, `phone`, `created_at`, `updated_at`) VALUES ('42', 'Candace', 'Koelpin', 'cummings.vickie@example.org', '1-449-620-3169', '2020-11-18 13:06:52', '2018-10-09 20:04:43');
INSERT INTO `users` (`id`, `first_name`, `last_name`, `email`, `phone`, `created_at`, `updated_at`) VALUES ('43', 'Stephen', 'Schaefer', 'mandy.mueller@example.org', '769.992.6731x6087', '2014-06-01 20:09:16', '2018-10-25 02:05:23');
INSERT INTO `users` (`id`, `first_name`, `last_name`, `email`, `phone`, `created_at`, `updated_at`) VALUES ('44', 'Amya', 'Hamill', 'ureichel@example.org', '(622)484-8610x643', '2020-01-14 23:10:23', '2017-07-21 02:55:00');
INSERT INTO `users` (`id`, `first_name`, `last_name`, `email`, `phone`, `created_at`, `updated_at`) VALUES ('45', 'Justen', 'Hand', 'sdaugherty@example.net', '049.649.7225x28413', '2013-10-14 03:55:59', '2014-08-29 02:09:09');
INSERT INTO `users` (`id`, `first_name`, `last_name`, `email`, `phone`, `created_at`, `updated_at`) VALUES ('46', 'Vivianne', 'Franecki', 'dorris14@example.com', '1-963-067-2746x1895', '2020-10-22 20:03:13', '2015-01-07 06:51:48');
INSERT INTO `users` (`id`, `first_name`, `last_name`, `email`, `phone`, `created_at`, `updated_at`) VALUES ('47', 'Zetta', 'Gerhold', 'shanel.kessler@example.net', '1-897-452-5543', '2015-05-25 05:22:49', '2014-10-17 12:53:07');
INSERT INTO `users` (`id`, `first_name`, `last_name`, `email`, `phone`, `created_at`, `updated_at`) VALUES ('48', 'Sister', 'Mills', 'marianne.aufderhar@example.net', '932.389.6106x229', '2012-08-12 06:44:11', '2018-11-15 11:57:15');
INSERT INTO `users` (`id`, `first_name`, `last_name`, `email`, `phone`, `created_at`, `updated_at`) VALUES ('49', 'Irwin', 'Reinger', 'chaag@example.org', '216-687-4404', '2014-08-31 11:02:48', '2015-05-23 20:14:52');
INSERT INTO `users` (`id`, `first_name`, `last_name`, `email`, `phone`, `created_at`, `updated_at`) VALUES ('50', 'Everett', 'Kemmer', 'johnathan.gleason@example.net', '(216)389-0705x829', '2016-10-30 20:00:43', '2013-02-08 17:42:52');
INSERT INTO `users` (`id`, `first_name`, `last_name`, `email`, `phone`, `created_at`, `updated_at`) VALUES ('51', 'Coralie', 'Kuvalis', 'tbashirian@example.org', '(071)091-2122x573', '2011-04-20 05:10:21', '2019-04-26 08:23:15');
INSERT INTO `users` (`id`, `first_name`, `last_name`, `email`, `phone`, `created_at`, `updated_at`) VALUES ('52', 'Keira', 'Kilback', 'hamill.felicity@example.com', '150-443-9698x1769', '2016-03-21 11:59:51', '2018-12-28 13:41:42');
INSERT INTO `users` (`id`, `first_name`, `last_name`, `email`, `phone`, `created_at`, `updated_at`) VALUES ('53', 'Luigi', 'Bogisich', 'gulgowski.harvey@example.com', '05855515038', '2013-04-22 12:04:38', '2019-01-12 03:10:43');
INSERT INTO `users` (`id`, `first_name`, `last_name`, `email`, `phone`, `created_at`, `updated_at`) VALUES ('54', 'Mack', 'Jakubowski', 'helen98@example.net', '03474244336', '2018-11-27 08:18:05', '2011-05-26 16:19:02');
INSERT INTO `users` (`id`, `first_name`, `last_name`, `email`, `phone`, `created_at`, `updated_at`) VALUES ('55', 'Sadie', 'Koelpin', 'tremblay.madelynn@example.net', '953-978-0080x862', '2018-07-16 01:24:11', '2016-01-15 16:14:56');
INSERT INTO `users` (`id`, `first_name`, `last_name`, `email`, `phone`, `created_at`, `updated_at`) VALUES ('56', 'Aglae', 'Hilpert', 'whoppe@example.org', '1-742-996-5930x912', '2018-11-30 22:34:00', '2019-05-09 12:37:09');
INSERT INTO `users` (`id`, `first_name`, `last_name`, `email`, `phone`, `created_at`, `updated_at`) VALUES ('57', 'Curtis', 'Lowe', 'hickle.sam@example.com', '(991)583-6472', '2011-09-22 05:25:44', '2017-02-26 01:31:09');
INSERT INTO `users` (`id`, `first_name`, `last_name`, `email`, `phone`, `created_at`, `updated_at`) VALUES ('58', 'Ardith', 'Smith', 'hjohns@example.com', '(043)502-8398x9029', '2011-07-05 04:36:48', '2020-12-27 22:11:38');
INSERT INTO `users` (`id`, `first_name`, `last_name`, `email`, `phone`, `created_at`, `updated_at`) VALUES ('59', 'Vita', 'Schneider', 'walter.arlene@example.org', '241.278.9997', '2018-12-17 02:39:03', '2012-11-13 23:03:31');
INSERT INTO `users` (`id`, `first_name`, `last_name`, `email`, `phone`, `created_at`, `updated_at`) VALUES ('60', 'Jayce', 'Lind', 'lind.mckenna@example.net', '+24(5)3894362011', '2020-01-05 00:52:48', '2019-12-07 02:00:21');
INSERT INTO `users` (`id`, `first_name`, `last_name`, `email`, `phone`, `created_at`, `updated_at`) VALUES ('61', 'Logan', 'Veum', 'friesen.imani@example.net', '+24(2)8106224601', '2015-04-18 22:46:00', '2013-06-20 04:25:20');
INSERT INTO `users` (`id`, `first_name`, `last_name`, `email`, `phone`, `created_at`, `updated_at`) VALUES ('62', 'Ansel', 'Reilly', 'marlene45@example.net', '1-067-175-1879x62206', '2012-04-17 03:20:07', '2020-03-12 20:02:28');
INSERT INTO `users` (`id`, `first_name`, `last_name`, `email`, `phone`, `created_at`, `updated_at`) VALUES ('63', 'Brando', 'Howell', 'wava.moen@example.net', '646.384.1434x9754', '2017-09-16 21:00:14', '2016-03-28 01:29:52');
INSERT INTO `users` (`id`, `first_name`, `last_name`, `email`, `phone`, `created_at`, `updated_at`) VALUES ('64', 'Salvatore', 'Kuvalis', 'ellis.satterfield@example.net', '115.111.8045', '2013-04-15 15:50:58', '2014-01-01 21:36:17');
INSERT INTO `users` (`id`, `first_name`, `last_name`, `email`, `phone`, `created_at`, `updated_at`) VALUES ('65', 'Valentin', 'Stiedemann', 'torp.henry@example.net', '1-879-228-3605', '2020-07-20 08:37:04', '2019-06-21 02:36:09');
INSERT INTO `users` (`id`, `first_name`, `last_name`, `email`, `phone`, `created_at`, `updated_at`) VALUES ('66', 'Ben', 'Labadie', 'qwisoky@example.net', '09946099377', '2015-08-07 12:09:59', '2014-06-10 02:32:32');
INSERT INTO `users` (`id`, `first_name`, `last_name`, `email`, `phone`, `created_at`, `updated_at`) VALUES ('67', 'Keegan', 'Cartwright', 'vcronin@example.com', '+40(9)3410520111', '2012-06-18 23:14:07', '2013-04-19 05:33:47');
INSERT INTO `users` (`id`, `first_name`, `last_name`, `email`, `phone`, `created_at`, `updated_at`) VALUES ('68', 'Chaya', 'Lesch', 'witting.madelynn@example.com', '1-030-758-4981x190', '2012-04-29 07:18:24', '2017-10-22 13:34:32');
INSERT INTO `users` (`id`, `first_name`, `last_name`, `email`, `phone`, `created_at`, `updated_at`) VALUES ('69', 'Clair', 'Bahringer', 'torphy.claudie@example.org', '961.890.7298', '2014-01-31 03:51:23', '2011-04-11 06:33:41');
INSERT INTO `users` (`id`, `first_name`, `last_name`, `email`, `phone`, `created_at`, `updated_at`) VALUES ('70', 'Esther', 'Bradtke', 'tomasa31@example.org', '456-826-9932', '2019-10-01 10:07:48', '2014-07-30 09:31:35');
INSERT INTO `users` (`id`, `first_name`, `last_name`, `email`, `phone`, `created_at`, `updated_at`) VALUES ('71', 'Noelia', 'Homenick', 'earlene.raynor@example.org', '(104)502-7663', '2012-01-10 20:40:59', '2017-03-10 21:03:35');
INSERT INTO `users` (`id`, `first_name`, `last_name`, `email`, `phone`, `created_at`, `updated_at`) VALUES ('72', 'Ettie', 'Baumbach', 'msmitham@example.net', '671.749.5363', '2015-04-02 19:35:22', '2012-11-08 01:27:10');
INSERT INTO `users` (`id`, `first_name`, `last_name`, `email`, `phone`, `created_at`, `updated_at`) VALUES ('73', 'Nigel', 'Gusikowski', 'altenwerth.robyn@example.net', '086-633-9845x07410', '2012-07-22 18:48:36', '2018-03-19 13:38:47');
INSERT INTO `users` (`id`, `first_name`, `last_name`, `email`, `phone`, `created_at`, `updated_at`) VALUES ('74', 'Bud', 'Boyer', 'ritchie.tyreek@example.net', '(613)795-7141', '2014-07-15 16:55:46', '2018-09-07 13:42:35');
INSERT INTO `users` (`id`, `first_name`, `last_name`, `email`, `phone`, `created_at`, `updated_at`) VALUES ('75', 'Alexandrine', 'Bergstrom', 'darron77@example.com', '1-635-898-4045', '2017-04-27 07:05:25', '2016-12-07 20:47:30');
INSERT INTO `users` (`id`, `first_name`, `last_name`, `email`, `phone`, `created_at`, `updated_at`) VALUES ('76', 'Caesar', 'Rutherford', 'jazmyne87@example.net', '540.169.2000', '2019-02-03 17:16:44', '2014-05-21 01:01:33');
INSERT INTO `users` (`id`, `first_name`, `last_name`, `email`, `phone`, `created_at`, `updated_at`) VALUES ('77', 'Lambert', 'Schroeder', 'wisoky.elmer@example.net', '03239964547', '2016-03-25 15:46:36', '2020-09-11 12:21:53');
INSERT INTO `users` (`id`, `first_name`, `last_name`, `email`, `phone`, `created_at`, `updated_at`) VALUES ('78', 'Daniella', 'Wolff', 'itzel.rogahn@example.com', '732-762-2391', '2017-05-31 17:44:00', '2019-11-29 06:46:27');
INSERT INTO `users` (`id`, `first_name`, `last_name`, `email`, `phone`, `created_at`, `updated_at`) VALUES ('79', 'Marietta', 'Altenwerth', 'darrel08@example.net', '1-448-634-5686', '2017-02-21 19:47:37', '2016-02-23 05:51:54');
INSERT INTO `users` (`id`, `first_name`, `last_name`, `email`, `phone`, `created_at`, `updated_at`) VALUES ('80', 'Jules', 'Rath', 'caleigh08@example.org', '142-971-2137', '2019-02-06 00:41:35', '2017-10-26 07:12:54');
INSERT INTO `users` (`id`, `first_name`, `last_name`, `email`, `phone`, `created_at`, `updated_at`) VALUES ('81', 'Russ', 'Gulgowski', 'cielo.kuvalis@example.net', '1-716-432-1178x711', '2011-06-04 10:50:26', '2018-04-01 19:26:04');
INSERT INTO `users` (`id`, `first_name`, `last_name`, `email`, `phone`, `created_at`, `updated_at`) VALUES ('82', 'Emmanuelle', 'Kessler', 'keshawn62@example.org', '756-919-9318x181', '2012-01-07 15:50:19', '2014-03-17 22:01:55');
INSERT INTO `users` (`id`, `first_name`, `last_name`, `email`, `phone`, `created_at`, `updated_at`) VALUES ('83', 'Delpha', 'Cummings', 'hayley.borer@example.net', '1-895-653-2096x598', '2017-10-17 15:51:13', '2011-10-25 19:58:59');
INSERT INTO `users` (`id`, `first_name`, `last_name`, `email`, `phone`, `created_at`, `updated_at`) VALUES ('84', 'Edward', 'Lebsack', 'jacklyn.kirlin@example.com', '026.428.7862x013', '2019-11-12 23:35:03', '2019-11-16 23:49:36');
INSERT INTO `users` (`id`, `first_name`, `last_name`, `email`, `phone`, `created_at`, `updated_at`) VALUES ('85', 'Tito', 'VonRueden', 'rosalinda.lebsack@example.com', '124-713-3090x8955', '2013-08-12 10:35:00', '2019-06-28 09:43:28');
INSERT INTO `users` (`id`, `first_name`, `last_name`, `email`, `phone`, `created_at`, `updated_at`) VALUES ('86', 'Paige', 'Kris', 'monty.fay@example.com', '04350267649', '2015-11-13 22:51:48', '2019-01-23 15:42:50');
INSERT INTO `users` (`id`, `first_name`, `last_name`, `email`, `phone`, `created_at`, `updated_at`) VALUES ('87', 'Piper', 'Tillman', 'terrance94@example.org', '380-827-6042x3084', '2020-08-06 00:36:49', '2014-08-19 07:02:23');
INSERT INTO `users` (`id`, `first_name`, `last_name`, `email`, `phone`, `created_at`, `updated_at`) VALUES ('88', 'Emmanuel', 'Beer', 'aliza26@example.net', '956-741-8127x98613', '2017-08-30 00:22:12', '2016-05-25 21:45:24');
INSERT INTO `users` (`id`, `first_name`, `last_name`, `email`, `phone`, `created_at`, `updated_at`) VALUES ('89', 'Vida', 'McLaughlin', 'stroman.godfrey@example.net', '(478)924-5325x1184', '2014-03-25 15:54:38', '2011-07-11 18:32:00');
INSERT INTO `users` (`id`, `first_name`, `last_name`, `email`, `phone`, `created_at`, `updated_at`) VALUES ('90', 'Hilbert', 'Walsh', 'miller.caden@example.net', '1-819-208-2340x35989', '2019-06-19 04:01:55', '2016-06-05 14:10:25');
INSERT INTO `users` (`id`, `first_name`, `last_name`, `email`, `phone`, `created_at`, `updated_at`) VALUES ('91', 'Marley', 'Bernier', 'hermann32@example.net', '176.264.8049', '2017-01-06 08:57:02', '2014-03-15 06:13:02');
INSERT INTO `users` (`id`, `first_name`, `last_name`, `email`, `phone`, `created_at`, `updated_at`) VALUES ('92', 'Rachel', 'Huels', 'zora.wolff@example.com', '235-686-0922', '2020-12-08 00:49:44', '2018-12-17 15:38:58');
INSERT INTO `users` (`id`, `first_name`, `last_name`, `email`, `phone`, `created_at`, `updated_at`) VALUES ('93', 'Clara', 'Gulgowski', 'tad13@example.org', '611-562-8841', '2016-07-04 03:23:36', '2017-01-18 04:02:10');
INSERT INTO `users` (`id`, `first_name`, `last_name`, `email`, `phone`, `created_at`, `updated_at`) VALUES ('94', 'Hector', 'O\'Kon', 'ignacio.marquardt@example.com', '361.311.8696', '2018-03-08 03:09:17', '2013-12-26 14:32:53');
INSERT INTO `users` (`id`, `first_name`, `last_name`, `email`, `phone`, `created_at`, `updated_at`) VALUES ('95', 'Ellen', 'Mayert', 'howell.estrella@example.net', '(304)804-4234', '2020-10-09 00:02:09', '2016-04-23 06:56:59');
INSERT INTO `users` (`id`, `first_name`, `last_name`, `email`, `phone`, `created_at`, `updated_at`) VALUES ('96', 'Alek', 'Ledner', 'camila12@example.net', '+48(0)7272235561', '2011-04-26 20:17:24', '2019-08-01 17:16:12');
INSERT INTO `users` (`id`, `first_name`, `last_name`, `email`, `phone`, `created_at`, `updated_at`) VALUES ('97', 'Santa', 'Cormier', 'julien.bruen@example.org', '05118884074', '2012-04-11 07:37:02', '2020-05-01 11:42:01');
INSERT INTO `users` (`id`, `first_name`, `last_name`, `email`, `phone`, `created_at`, `updated_at`) VALUES ('98', 'Freeda', 'Breitenberg', 'maggio.layla@example.net', '08818538362', '2018-04-21 05:29:05', '2020-05-23 08:09:50');
INSERT INTO `users` (`id`, `first_name`, `last_name`, `email`, `phone`, `created_at`, `updated_at`) VALUES ('99', 'Guy', 'Boehm', 'wilson.witting@example.net', '(796)060-7972x25592', '2018-05-20 11:32:02', '2013-09-12 12:43:53');
INSERT INTO `users` (`id`, `first_name`, `last_name`, `email`, `phone`, `created_at`, `updated_at`) VALUES ('100', 'Fabian', 'Waters', 'ryan.marcellus@example.org', '+99(9)0677752913', '2012-05-25 00:30:55', '2011-08-16 10:40:05');


